-- phpMyAdmin SQL Dump
-- version 5.0.2
-- https://www.phpmyadmin.net/
--
-- Hôte : 127.0.0.1:3306
-- Généré le : Dim 13 mars 2022 à 16:04
-- Version du serveur :  5.7.31
-- Version de PHP : 7.3.21

SET SQL_MODE = "NO_AUTO_VALUE_ON_ZERO";
START TRANSACTION;
SET time_zone = "+00:00";


/*!40101 SET @OLD_CHARACTER_SET_CLIENT=@@CHARACTER_SET_CLIENT */;
/*!40101 SET @OLD_CHARACTER_SET_RESULTS=@@CHARACTER_SET_RESULTS */;
/*!40101 SET @OLD_COLLATION_CONNECTION=@@COLLATION_CONNECTION */;
/*!40101 SET NAMES utf8mb4 */;

--
-- Base de données : `vaccin`
--

-- --------------------------------------------------------

--
-- Structure de la table `article`
--

DROP TABLE IF EXISTS `article`;
CREATE TABLE IF NOT EXISTS `article` (
  `id` int(11) NOT NULL AUTO_INCREMENT,
  `titre` varchar(30) DEFAULT NULL,
  `texte` text,
  `image` blob,
  `date` date DEFAULT NULL,
  PRIMARY KEY (`id`)
) ENGINE=MyISAM AUTO_INCREMENT=101 DEFAULT CHARSET=latin1;

--
-- Déchargement des données de la table `article`
--

INSERT INTO `article` (`id`, `titre`, `texte`, `image`, `date`) VALUES
(1, 'Utah', 'ligula Aenean gravida', NULL, '1999-02-06'),
(2, 'Quebec', 'hendrerit consectetuer, cursus et, magna', NULL, '2001-03-08'),
(3, 'Bauchi', 'Praesent eu dui Cum sociis natoque', NULL, '1996-02-18'),
(4, 'Kolo', 'Sed', NULL, '1995-06-08'),
(5, 'Southwestern Tagalog Region', 'natoque penatibus', NULL, '1998-04-05'),
(6, 'Mijai', 'quis massa Mauris vestibulum, neque sed dictum eleifend, nunc risus', NULL, '1995-11-10'),
(7, 'Heredia', 'nec ligula consectetuer rhoncus Nullam velit', NULL, '1996-04-28'),
(8, 'Central Region', 'fringilla purus mauris a', NULL, '1998-11-12'),
(9, 'Tolima', 'in faucibus orci luctus et ultrices posuere', NULL, '1994-10-08'),
(10, 'South Jeolla', 'feugiat Sed nec metus facilisis lorem tristique aliquet Phasellus', NULL, '1997-03-11'),
(11, 'Aisén', 'Donec porttitor', NULL, '1997-08-05'),
(12, 'Free State', 'porttitor scelerisque neque Nullam nisl Maecenas', NULL, '1996-08-25'),
(13, 'Piemonte', 'pede et risus Quisque libero lacus, varius et,', NULL, '1995-01-03'),
(14, 'Luxemburg', 'elit, pellentesque a, facilisis non, bibendum sed, est', NULL, '1998-09-03'),
(15, 'Tasmania', 'ipsum ac mi eleifend egestas Sed pharetra, felis eget varius', NULL, '1998-02-28'),
(16, 'Alberta', 'amet lorem semper auctor Mauris vel turpis Aliquam adipiscing', NULL, '1997-06-30'),
(17, 'Comunitat Valenciana', 'Nulla eu neque pellentesque massa lobortis ultrices Vivamus rhoncus Donec', NULL, '1996-05-16'),
(18, 'Nagaland', 'mattis Cras', NULL, '1999-12-16'),
(19, 'Western Australia', 'tempor, est ac mattis semper, dui lectus rutrum urna, nec', NULL, '1999-04-10'),
(20, 'Montgomeryshire', 'Phasellus nulla Integer vulputate, risus a ultricies adipiscing,', NULL, '1998-04-20'),
(21, 'Overijssel', 'Etiam', NULL, '1998-04-14'),
(22, 'Punjab', 'Donec felis orci, adipiscing non, luctus sit amet, faucibus', NULL, '1994-10-11'),
(23, 'Daman and Diu', 'vulputate ullamcorper magna Sed eu eros Nam', NULL, '1998-11-11'),
(24, 'Guanajuato', 'lacus vestibulum lorem, sit amet ultricies', NULL, '2000-10-05'),
(25, 'Overijssel', 'lobortis tellus', NULL, '1997-04-11'),
(26, 'Daman and Diu', 'convallis', NULL, '1998-04-15'),
(27, 'Australian Capital Territory', 'porttitor interdum Sed auctor odio a', NULL, '2001-02-23'),
(28, 'Los Lagos', 'neque pellentesque massa lobortis', NULL, '1995-10-16'),
(29, 'Mpumalanga', 'odio semper cursus Integer mollis Integer', NULL, '1995-11-04'),
(30, 'Waals-Brabant', 'volutpat nunc', NULL, '1999-07-21'),
(31, 'Cajamarca', 'a,', NULL, '2000-07-07'),
(32, 'Murcia', 'ac tellus Suspendisse sed dolor', NULL, '1999-10-08'),
(33, 'Santa Catarina', 'iaculis odio Nam', NULL, '1998-02-07'),
(34, 'Ulyanovsk Oblast', 'Nullam feugiat', NULL, '1996-05-11'),
(35, 'Languedoc-Roussillon', 'consectetuer, cursus et, magna Praesent interdum ligula', NULL, '1997-01-15'),
(36, 'Hung Yen', 'ridiculus mus', NULL, '1996-08-13'),
(37, 'Troms og Finnmark', 'felis Nulla', NULL, '2000-07-25'),
(38, 'Belgorod Oblast', 'odio tristique pharetra Quisque ac', NULL, '1997-05-26'),
(39, 'Pays de la Loire', 'neque Sed eget', NULL, '1996-03-27'),
(40, 'Heredia', 'lacinia at, iaculis quis, pede Praesent eu dui', NULL, '2000-08-09'),
(41, 'North Region', 'mauris erat eget ipsum Suspendisse sagittis Nullam', NULL, '1995-11-20'),
(42, 'Kaduna', 'aliquet molestie tellus Aenean egestas hendrerit', NULL, '1998-12-10'),
(43, 'Overijssel', 'Nunc mauris elit, dictum eu,', NULL, '1997-08-25'),
(44, 'Heredia', 'Aliquam auctor,', NULL, '1994-03-26'),
(45, 'North Gyeongsang', 'tristique', NULL, '1995-03-30'),
(46, 'Comunitat Valenciana', 'est ac facilisis facilisis, magna tellus faucibus leo,', NULL, '1996-12-22'),
(47, 'Kansas', 'rhoncus Nullam velit dui, semper et, lacinia vitae, sodales', NULL, '1996-05-10'),
(48, 'ostergotlands len', 'blandit Nam nulla magna, malesuada vel, convallis in,', NULL, '1998-08-15'),
(49, 'Uttar Pradesh', 'ligula consectetuer rhoncus', NULL, '2000-09-13'),
(50, 'Castilla - La Mancha', 'purus Maecenas libero est, congue a, aliquet', NULL, '1998-06-01'),
(51, 'Centre', 'Donec non justo Proin non', NULL, '1999-07-11'),
(52, 'Anglesey', 'taciti sociosqu ad', NULL, '1994-04-28'),
(53, 'Donetsk oblast', 'odio vel est tempor bibendum Donec felis orci, adipiscing non,', NULL, '1997-04-03'),
(54, 'Konya', 'et ultrices posuere cubilia Curae Phasellus ornare Fusce', NULL, '1999-06-17'),
(55, 'Limon', 'auctor odio a', NULL, '1998-01-04'),
(56, 'Southwestern Tagalog Region', 'non leo Vivamus nibh', NULL, '2000-03-12'),
(57, 'Valparaíso', 'vehicula aliquet libero Integer in magna Phasellus dolor elit,', NULL, '1995-09-29'),
(58, 'Saarland', 'molestie Sed id risus quis diam', NULL, '2000-09-02'),
(59, 'Zuid Holland', 'Cras vehicula aliquet libero Integer in', NULL, '2000-04-23'),
(60, 'Michoacán', 'Nullam velit dui, semper et,', NULL, '2000-07-08'),
(61, 'Manisa', 'turpis egestas Fusce aliquet magna', NULL, '1994-10-04'),
(62, 'Free State', 'Maecenas libero est, congue', NULL, '1999-04-29'),
(63, 'Sinaloa', 'vitae dolor Donec fringilla Donec feugiat metus', NULL, '1996-07-14'),
(64, 'Stockholms län', 'felis, adipiscing fringilla, porttitor vulputate,', NULL, '1998-08-25'),
(65, 'xine', 'in magna Phasellus', NULL, '1998-11-12'),
(66, 'Noord Holland', 'fermentum vel, mauris Integer sem elit, pharetra ut, pharetra', NULL, '1996-02-07'),
(67, 'Xzzn', 'molestie dapibus ligula', NULL, '1998-01-19'),
(68, 'Aydan', 'sollicitudin a,', NULL, '1996-10-03'),
(69, 'Aceh', 'quis, pede', NULL, '1995-08-12'),
(70, 'Cartago', 'Integer id magna et ipsum cursus vestibulum Mauris', NULL, '1998-02-11'),
(71, 'Los Rios', 'vestibulum nec,', NULL, '1999-10-17'),
(72, 'Warmihsko-mazurskie', 'dictum mi, ac mattis', NULL, '2000-02-09'),
(73, 'Auvergne', 'Vestibulum accumsan neque et nunc', NULL, '1997-02-26'),
(74, 'North Gyeongsang', 'quis, tristique ac,', NULL, '1995-04-14'),
(75, 'Tamil Nadu', 'Nullam suscipit, est', NULL, '1999-12-31'),
(76, 'Volyn oblast', 'pellentesque, tellus sem mollis', NULL, '1997-01-13'),
(77, 'Vichada', 'varius ultrices, mauris ipsum porta elit, a feugiat', NULL, '1996-05-09'),
(78, 'Queensland', 'fringilla, porttitor vulputate, posuere vulputate, lacus Cras interdum', NULL, '1999-11-17'),
(79, 'Nottinghamshire', 'nonummy ipsum non arcu Vivamus', NULL, '1995-07-12'),
(80, 'Prince Edward Island', 'nunc,', NULL, '2000-01-20'),
(81, 'Queensland', 'gravida mauris ut mi', NULL, '1998-08-07'),
(82, 'Samsun', 'semper pretium', NULL, '1997-12-27'),
(83, 'Bolzvar', 'arcu Morbi sit amet massa Quisque porttitor eros nec', NULL, '1994-07-11'),
(84, 'Newfoundland and Labrador', 'sodales at, velit Pellentesque ultricies', NULL, '1994-08-31'),
(85, 'Magallanes y Antártica Chilena', 'non, feugiat nec, diam Duis mi enim,', NULL, '1994-03-30'),
(86, 'Northern Territory', 'magna Praesent interdum ligula', NULL, '1995-09-13'),
(87, 'Oklahoma', 'massa Integer vitae nibh Donec est mauris, rhoncus id,', NULL, '1995-02-11'),
(88, 'Lambayeque', 'ullamcorper, velit', NULL, '1999-10-20'),
(89, 'Hessen', 'ipsum leo elementum sem, vitae aliquam eros turpis non', NULL, '2000-02-12'),
(90, 'Noord Holland', 'Nunc mauris elit, dictum eu, eleifend nec, malesuada ut,', NULL, '1995-08-13'),
(91, 'Lima', 'Quisque ac libero nec ligula consectetuer', NULL, '1998-04-03'),
(92, 'Nevada', 'molestie tellus Aenean egestas hendrerit neque', NULL, '1997-05-26'),
(93, 'Limpopo', 'Aliquam', NULL, '1997-07-22'),
(94, 'Gavleborgs lin', 'luctus', NULL, '1995-01-18'),
(95, 'Alajuela', 'arcu Morbi sit amet massa', NULL, '1995-10-28'),
(96, 'Northwest Territories', 'dignissim pharetra Nam ac nulla In tincidunt congue', NULL, '1995-03-03'),
(97, 'Troms og Finnmark', 'in aliquet lobortis, nisi nibh lacinia orci,', NULL, '1999-11-28'),
(98, 'Limousin', 'libero Proin mi Aliquam gravida mauris ut mi Duis risus', NULL, '1998-04-24'),
(99, 'Sindh', 'ac nulla', NULL, '1999-07-16'),
(100, 'Huabei', 'id ante dictum cursus Nunc mauris elit,', NULL, '1998-08-10');

-- --------------------------------------------------------

--
-- Structure de la table `centre`
--

DROP TABLE IF EXISTS `centre`;
CREATE TABLE IF NOT EXISTS `centre` (
  `id` int(11) NOT NULL AUTO_INCREMENT,
  `label` varchar(50) CHARACTER SET utf8mb4 COLLATE utf8mb4_bin DEFAULT NULL,
  `region` varchar(50) CHARACTER SET utf8mb4 COLLATE utf8mb4_bin DEFAULT NULL,
  `district` varchar(50) CHARACTER SET utf8mb4 COLLATE utf8mb4_bin DEFAULT NULL,
  PRIMARY KEY (`id`)
) ENGINE=MyISAM AUTO_INCREMENT=101 DEFAULT CHARSET=latin1;

--
-- Déchargement des données de la table `centre`
--

INSERT INTO `centre` (`id`, `label`, `region`, `district`) VALUES
(1, 'South Africa', 'Villahermosa', 'North Sumatra'),
(2, 'Netherlands', 'Alto del Carmen', 'FATA'),
(3, 'Brazil', 'Bostaniçi', 'Boyacá'),
(4, 'New Zealand', 'Cork', 'North Region'),
(5, 'China', 'Bexbach', 'FATA'),
(6, 'Nigeria', 'Greater Hobart', 'Ancash'),
(7, 'France', 'Avesta', 'Bolívar'),
(8, 'Brazil', 'Sankt Johann im Pongau', 'Zachodniopomorskie'),
(9, 'Philippines', 'Pekanbaru', 'Maranhão'),
(10, 'Netherlands', 'Trà Vinh', 'Cordillera Administrative Region'),
(11, 'Russian Federation', 'Waiblingen', 'Biobío'),
(12, 'Indonesia', 'Hong Kong', 'Bourgogne'),
(13, 'Nigeria', 'Wanaka', 'South Island'),
(14, 'Singapore', 'Rocca d\'Arce', 'West Region'),
(15, 'Russian Federation', 'Weiz', 'Trøndelag'),
(16, 'Austria', 'Marentino', 'Valle d\'Aosta'),
(17, 'Colombia', 'Floridablanca', 'South Island'),
(18, 'Ireland', 'Ashburton', 'Zaporizhzhia oblast'),
(19, 'Colombia', 'Gujranwala', 'Cartago'),
(20, 'Canada', 'Mohmand Agency', 'Riau Islands'),
(21, 'Pakistan', 'Palu', 'Rogaland'),
(22, 'China', 'Tengah', 'South Jeolla'),
(23, 'Austria', 'San Pedro Garza García', 'Khyber Pakhtoonkhwa'),
(24, 'Indonesia', 'Ruza', 'Northwest Territories'),
(25, 'South Africa', 'Opole', 'Antalya'),
(26, 'Ukraine', 'Vị Thanh', 'Sachsen'),
(27, 'Indonesia', 'Ocaña', 'Central Visayas'),
(28, 'Italy', 'Soledad de Graciano Sánchez', 'Xīběi'),
(29, 'Indonesia', 'Cork', 'Ancash'),
(30, 'Costa Rica', 'Tagum', 'Sachsen-Anhalt'),
(31, 'Ireland', 'Noville', 'Guanacaste'),
(32, 'Italy', 'Dangjin', 'Uttar Pradesh'),
(33, 'India', 'Huế', 'Bretagne'),
(34, 'Belgium', 'Rostock', 'Henegouwen'),
(35, 'Indonesia', 'Sosnowiec', 'Oyo'),
(36, 'India', 'Salzburg', 'Nizhny Novgorod Oblast'),
(37, 'Vietnam', 'Dublin', 'Rostov Oblast'),
(38, 'United States', 'Hà Giang', 'Perthshire'),
(39, 'Belgium', 'Roccabruna', 'Vorarlberg'),
(40, 'Colombia', 'Te Awamutu', 'Midi-Pyrénées'),
(41, 'China', 'Zutphen', 'Australian Capital Territory'),
(42, 'New Zealand', 'Las Palmas', 'Rivne oblast'),
(43, 'Vietnam', 'Mercedes', 'Lviv oblast'),
(44, 'China', 'Puerto Octay', 'Xīběi'),
(45, 'Russian Federation', 'Miramichi', 'Sachsen'),
(46, 'Spain', 'Cochrane', 'Piura'),
(47, 'Belgium', 'Sechura', 'Brandenburg'),
(48, 'United States', 'Attimis', 'Valle d\'Aosta'),
(49, 'Austria', 'Mora', 'Munster'),
(50, 'China', 'Monte Patria', 'North Gyeongsang'),
(51, 'Ukraine', 'Acquasanta Terme', 'Stockholms län'),
(52, 'Chile', 'Tunja', 'Sicilia'),
(53, 'South Africa', 'Narbonne', 'Cusco'),
(54, 'New Zealand', 'Wageningen', 'Burgenland'),
(55, 'Vietnam', 'Vị Thanh', 'Alajuela'),
(56, 'India', 'Pleiku', 'Euskadi'),
(57, 'India', 'Knittelfeld', 'Ulster'),
(58, 'Chile', 'Tame', 'Bahia'),
(59, 'Pakistan', 'Lienz', 'Lower Austria'),
(60, 'United Kingdom', 'Dutse', 'Heredia'),
(61, 'Russian Federation', 'Khmelnytskyi', 'Osun'),
(62, 'Costa Rica', 'Mardan', 'Punjab'),
(63, 'Norway', 'Lipetsk', 'Troms og Finnmark'),
(64, 'Turkey', 'Canterbury', 'Oaxaca'),
(65, 'Italy', 'Rae-Edzo', 'Akwa Ibom'),
(66, 'Germany', 'Quezon City', 'Stockholms län'),
(67, 'United States', 'Belfast', 'Newfoundland and Labrador'),
(68, 'Germany', 'Bydgoszcz', 'Vorarlberg'),
(69, 'Austria', 'Acquasparta', 'Loreto'),
(70, 'Nigeria', 'Reims', 'Louisiana'),
(71, 'United Kingdom', 'Murmansk', 'Tarapacá'),
(72, 'South Korea', 'Laren', 'Kujawsko-pomorskie'),
(73, 'New Zealand', 'Tabuk', 'Franche-Comté'),
(74, 'Russian Federation', 'Bruck an der Mur', 'Junín'),
(75, 'India', 'Kidapawan', 'Free State'),
(76, 'China', 'Cartagena', 'Innlandet'),
(77, 'China', 'Gia Nghĩa', 'Vestfold og Telemark'),
(78, 'Canada', 'Gorinchem', 'Antwerpen'),
(79, 'Germany', 'Mérida', 'Mpumalanga'),
(80, 'Brazil', 'Cần Thơ', 'Antwerpen'),
(81, 'Australia', 'Wolfville', 'North Region'),
(82, 'Peru', 'Xinjiang', 'Australian Capital Territory'),
(83, 'Chile', 'Primavera', 'San Luis Potosí'),
(84, 'Indonesia', 'Opole', 'Andalucía'),
(85, 'Pakistan', 'Galway', 'Jönköpings län'),
(86, 'China', 'São José dos Pinhais', 'Essex'),
(87, 'New Zealand', 'Tengah', 'South Gyeongsang'),
(88, 'Turkey', 'Cork', 'Caquetá'),
(89, 'Nigeria', 'Terneuzen', 'Georgia'),
(90, 'Turkey', 'Mykolaiv', 'Alajuela'),
(91, 'Chile', 'Whangarei', 'Cundinamarca'),
(92, 'Peru', 'Lim Chu Kang', 'Mpumalanga'),
(93, 'Sweden', 'Wabamun', 'North Region'),
(94, 'Brazil', 'Changi Bay', 'Caraga'),
(95, 'Australia', 'Santa Rosa de Cabal', 'Ulster'),
(96, 'Australia', 'Lower Hutt', 'Maranhão'),
(97, 'Netherlands', 'Cork', 'Puglia'),
(98, 'Pakistan', 'Bilbo', 'Kogi'),
(99, 'Canada', 'Lidingo', 'Davao Region'),
(100, 'Italy', 'Waiheke Island', 'Azad Kashmir');

-- --------------------------------------------------------

--
-- Structure de la table `composantvaccin`
--

DROP TABLE IF EXISTS `composantvaccin`;
CREATE TABLE IF NOT EXISTS `composantvaccin` (
  `id` int(11) NOT NULL AUTO_INCREMENT,
  `idVaccin` int(11) DEFAULT NULL,
  `composant` text,
  PRIMARY KEY (`id`),
  KEY `idVaccin` (`idVaccin`)
) ENGINE=MyISAM AUTO_INCREMENT=11 DEFAULT CHARSET=latin1;

--
-- Déchargement des données de la table `composantvaccin`
--

INSERT INTO `composantvaccin` (`id`, `idVaccin`, `composant`) VALUES
(1, 7, ''),
(2, 5, ''),
(3, 5, ''),
(4, 10, ''),
(5, 6, ''),
(6, 7, ''),
(7, 4, ''),
(8, 7, ''),
(9, 6, ''),
(10, 5, '');

-- --------------------------------------------------------

--
-- Structure de la table `contreindication`
--

DROP TABLE IF EXISTS `contreindication`;
CREATE TABLE IF NOT EXISTS `contreindication` (
  `id` int(11) NOT NULL AUTO_INCREMENT,
  `idVaccin` int(11) DEFAULT NULL,
  `idMaladieChronique` int(11) DEFAULT NULL,
  PRIMARY KEY (`id`),
  KEY `idVaccin` (`idVaccin`),
  KEY `idMaladieChronique` (`idMaladieChronique`)
) ENGINE=MyISAM AUTO_INCREMENT=21 DEFAULT CHARSET=latin1;

--
-- Déchargement des données de la table `contreindication`
--

INSERT INTO `contreindication` (`id`, `idVaccin`, `idMaladieChronique`) VALUES
(1, 2, 13),
(2, 6, 7),
(3, 2, 12),
(4, 3, 20),
(5, 8, 8),
(6, 5, 16),
(7, 1, 10),
(8, 7, 1),
(9, 7, 5),
(10, 3, 17),
(11, 2, 12),
(12, 3, 8),
(13, 9, 12),
(14, 2, 8),
(15, 4, 13),
(16, 5, 13),
(17, 1, 19),
(18, 1, 14),
(19, 8, 2),
(20, 2, 14);

-- --------------------------------------------------------

--
-- Structure de la table `infecte`
--

DROP TABLE IF EXISTS `infecte`;
CREATE TABLE IF NOT EXISTS `infecte` (
  `id` int(11) NOT NULL AUTO_INCREMENT,
  `date` date DEFAULT NULL,
  `idPersonne` int(11) DEFAULT NULL,
  `casgrave` int(11) DEFAULT NULL,
  PRIMARY KEY (`id`),
  KEY `idPersonne` (`idPersonne`)
) ENGINE=MyISAM AUTO_INCREMENT=101 DEFAULT CHARSET=latin1;

--
-- Déchargement des données de la table `infecte`
--

INSERT INTO `infecte` (`id`, `date`, `idPersonne`, `casgrave`) VALUES
(1, '1999-01-23', 35, 1),
(2, '2000-10-26', 20, 1),
(3, '1999-05-01', 45, 0),
(4, '1994-07-30', 11, 1),
(5, '1996-12-13', 34, 0),
(6, '1998-09-28', 19, 0),
(7, '1999-09-24', 22, 1),
(8, '1999-09-27', 9, 0),
(9, '1999-08-15', 36, 0),
(10, '1995-04-09', 19, 0),
(11, '1998-05-08', 27, 1),
(12, '1999-06-14', 9, 0),
(13, '1996-07-10', 18, 0),
(14, '2000-02-27', 20, 1),
(15, '2001-02-01', 42, 0),
(16, '1995-09-06', 32, 1),
(17, '1995-11-10', 18, 0),
(18, '1994-12-17', 17, 1),
(19, '2000-10-01', 2, 0),
(20, '1996-04-24', 9, 1),
(21, '1994-05-07', 12, 1),
(22, '1998-12-06', 13, 1),
(23, '1999-05-28', 11, 1),
(24, '1999-03-30', 8, 0),
(25, '1998-02-12', 8, 1),
(26, '1998-02-03', 5, 0),
(27, '1994-03-24', 46, 1),
(28, '1995-10-04', 32, 0),
(29, '1999-07-13', 32, 0),
(30, '1999-03-02', 40, 1),
(31, '2000-03-24', 3, 0),
(32, '1995-04-28', 26, 0),
(33, '1996-11-03', 23, 0),
(34, '1997-11-21', 40, 0),
(35, '1994-05-02', 37, 0),
(36, '1995-09-20', 39, 1),
(37, '1999-11-08', 20, 1),
(38, '2001-01-14', 15, 0),
(39, '1994-10-28', 39, 1),
(40, '1996-04-06', 17, 1),
(41, '1999-09-29', 7, 1),
(42, '1997-05-15', 14, 1),
(43, '1995-12-20', 25, 1),
(44, '1999-03-25', 29, 0),
(45, '1996-02-14', 9, 1),
(46, '1995-07-21', 9, 1),
(47, '1999-11-28', 39, 0),
(48, '2000-03-27', 20, 1),
(49, '1996-10-28', 41, 1),
(50, '1996-10-18', 43, 1),
(51, '1999-11-11', 19, 0),
(52, '1998-09-04', 49, 0),
(53, '1998-09-05', 19, 1),
(54, '1995-03-12', 31, 0),
(55, '2000-03-01', 21, 0),
(56, '2001-03-09', 11, 1),
(57, '1995-07-27', 21, 1),
(58, '1998-02-27', 24, 1),
(59, '1998-10-10', 25, 0),
(60, '1999-10-15', 28, 1),
(61, '1997-05-20', 24, 1),
(62, '2000-10-11', 44, 0),
(63, '1999-11-24', 36, 0),
(64, '1998-03-20', 39, 0),
(65, '1995-07-15', 22, 0),
(66, '1995-10-07', 29, 1),
(67, '1999-12-29', 35, 0),
(68, '1995-02-08', 1, 0),
(69, '1996-10-05', 34, 1),
(70, '1996-11-26', 28, 0),
(71, '1995-09-24', 14, 0),
(72, '2000-03-28', 17, 0),
(73, '1998-10-24', 21, 0),
(74, '1997-05-09', 7, 1),
(75, '1994-09-07', 23, 1),
(76, '2001-02-11', 36, 1),
(77, '1994-04-16', 43, 1),
(78, '1995-05-02', 4, 1),
(79, '1995-02-07', 38, 0),
(80, '1999-04-21', 28, 0),
(81, '1994-05-23', 40, 0),
(82, '1997-02-10', 42, 0),
(83, '1996-10-08', 30, 0),
(84, '1999-06-02', 12, 1),
(85, '1995-12-26', 15, 0),
(86, '1995-07-11', 46, 0),
(87, '1995-11-03', 20, 1),
(88, '1996-04-09', 12, 0),
(89, '1996-11-23', 2, 0),
(90, '1997-05-02', 37, 1),
(91, '1996-09-26', 18, 1),
(92, '1996-02-27', 45, 1),
(93, '1999-07-31', 34, 0),
(94, '2000-01-23', 29, 1),
(95, '1994-03-18', 38, 1),
(96, '1996-11-04', 19, 1),
(97, '2000-10-22', 22, 1),
(98, '1998-06-20', 22, 0),
(99, '1995-03-13', 14, 0),
(100, '1996-12-17', 6, 1);

-- --------------------------------------------------------

--
-- Structure de la table `maladiechronique`
--

DROP TABLE IF EXISTS `maladiechronique`;
CREATE TABLE IF NOT EXISTS `maladiechronique` (
  `id` int(11) NOT NULL AUTO_INCREMENT,
  `label` varchar(50) CHARACTER SET utf8mb4 COLLATE utf8mb4_bin DEFAULT NULL,
  PRIMARY KEY (`id`)
) ENGINE=MyISAM AUTO_INCREMENT=21 DEFAULT CHARSET=latin1;

--
-- Déchargement des données de la table `maladiechronique`
--

INSERT INTO `maladiechronique` (`id`, `label`) VALUES
(1, 'allergie'),
(2, 'diabete'),
(3, 'Minitonas'),
(4, 'Jefferson City'),
(5, 'Kenosha'),
(6, 'Gia Nghĩa'),
(7, 'Kano'),
(8, 'Amiens'),
(9, 'Waidhofen an der Ybbs'),
(10, 'Beerzel'),
(11, 'Dufftown'),
(12, 'Sloten'),
(13, 'Jurong East'),
(14, 'Castelnovo del Friuli'),
(15, 'Vosselaar'),
(16, 'Loy'),
(17, 'Nova Iguaçu'),
(18, 'Floridablanca'),
(19, 'Ang Mo Kio'),
(20, 'Jilin');

-- --------------------------------------------------------

--
-- Doublure de structure pour la vue `nombredecede`
-- (Voir ci-dessous la vue réelle)
--
DROP VIEW IF EXISTS `nombredecede`;
CREATE TABLE IF NOT EXISTS `nombredecede` (
`nbr` bigint(21)
);

-- --------------------------------------------------------

--
-- Doublure de structure pour la vue `nombreguerie`
-- (Voir ci-dessous la vue réelle)
--
DROP VIEW IF EXISTS `nombreguerie`;
CREATE TABLE IF NOT EXISTS `nombreguerie` (
`nbr` bigint(21)
);

-- --------------------------------------------------------

--
-- Doublure de structure pour la vue `nombremararyvaccine`
-- (Voir ci-dessous la vue réelle)
--
DROP VIEW IF EXISTS `nombremararyvaccine`;
CREATE TABLE IF NOT EXISTS `nombremararyvaccine` (
`idVaccin` int(11)
,`nbr` bigint(21)
);

-- --------------------------------------------------------

--
-- Doublure de structure pour la vue `nombreparvaccin`
-- (Voir ci-dessous la vue réelle)
--
DROP VIEW IF EXISTS `nombreparvaccin`;
CREATE TABLE IF NOT EXISTS `nombreparvaccin` (
`idVaccin` int(11)
,`nbr` bigint(21)
);

-- --------------------------------------------------------

--
-- Doublure de structure pour la vue `nombrevaccine`
-- (Voir ci-dessous la vue réelle)
--
DROP VIEW IF EXISTS `nombrevaccine`;
CREATE TABLE IF NOT EXISTS `nombrevaccine` (
`nbr` bigint(21)
);

-- --------------------------------------------------------

--
-- Doublure de structure pour la vue `nombrevaccinematy`
-- (Voir ci-dessous la vue réelle)
--
DROP VIEW IF EXISTS `nombrevaccinematy`;
CREATE TABLE IF NOT EXISTS `nombrevaccinematy` (
`idVaccin` int(11)
,`nbr` bigint(21)
);

-- --------------------------------------------------------

--
-- Structure de la table `personne`
--

DROP TABLE IF EXISTS `personne`;
CREATE TABLE IF NOT EXISTS `personne` (
  `id` int(11) NOT NULL AUTO_INCREMENT,
  `nom` varchar(50) DEFAULT NULL,
  `prenom` varchar(50) DEFAULT NULL,
  `dtn` date DEFAULT NULL,
  `cin` varchar(50) DEFAULT NULL,
  PRIMARY KEY (`id`)
) ENGINE=MyISAM AUTO_INCREMENT=51 DEFAULT CHARSET=latin1;

--
-- Déchargement des données de la table `personne`
--

INSERT INTO `personne` (`id`, `nom`, `prenom`, `dtn`, `cin`) VALUES
(1, 'Deirdre Conner', 'Colette Holman', '1994-06-03', '6752'),
(2, 'Jada Padilla', 'Jasper Lambert', '2001-01-24', '8631'),
(3, 'Oliver Trujillo', 'Wade Gomez', '1998-04-17', '515452'),
(4, 'Leo Salinas', 'Freya Velazquez', '1998-04-19', '452021'),
(5, 'Vivien Rollins', 'Bianca Nielsen', '1994-09-20', '30906'),
(6, 'Kennan Knowles', 'Amethyst Cooper', '1999-03-31', '50112'),
(7, 'Coby Chen', 'Eric Fernandez', '1998-10-11', '544672'),
(8, 'Acton Black', 'Buckminster Barron', '1996-03-15', '11705'),
(9, 'Chester Mclean', 'Leslie Dickson', '1995-11-15', '9551'),
(10, 'Joan Castro', 'Zahir Mcpherson', '1996-06-06', '759287'),
(11, 'Zachery Reese', 'Evelyn Case', '1994-11-19', '1262'),
(12, 'William Davidson', 'Deacon Burgess', '1997-03-21', '463883'),
(13, 'Maryam Wiggins', 'Lunea Chan', '1997-06-25', 'NC4F 2RE'),
(14, 'Jameson Bullock', 'Kareem Bonner', '1997-10-04', '57984'),
(15, 'Susan Holland', 'Alea Donaldson', '1999-09-09', '56-035'),
(16, 'Uriah Lee', 'Ariel Jones', '1994-09-22', '7288'),
(17, 'Dahlia Matthews', 'Venus Burks', '1996-03-30', 'R1C 1L7'),
(18, 'Kieran Hammond', 'Kathleen Hebert', '1997-08-21', '4077'),
(19, 'Carlos Oneal', 'Adam Miles', '1999-09-28', '78236'),
(20, 'Rama Simpson', 'Bree Guerra', '2000-10-16', '51101'),
(21, 'Acton Kane', 'Emmanuel Gross', '1995-01-20', '378664'),
(22, 'Hamish Landry', 'Wyatt Cotton', '1997-06-27', '120172'),
(23, 'Xenos Underwood', 'Illiana Berger', '1999-03-30', '21812'),
(24, 'Duncan Hopkins', 'Nayda Barber', '1995-08-02', '237921'),
(25, 'Kalia Chambers', 'Armand Ballard', '2000-02-27', '65062-542'),
(26, 'Xena Schultz', 'Barrett Hardin', '1999-02-06', '14286'),
(27, 'Wilma Stuart', 'Joelle Silva', '1994-03-14', '2814'),
(28, 'Castor Foreman', 'Addison House', '1998-07-27', '49887'),
(29, 'Fletcher Ruiz', 'Winter Winters', '1996-03-01', 'M6W 5S1'),
(30, 'Yasir Howell', 'Neil Cotton', '1997-08-18', '433472'),
(31, 'Scarlet Garner', 'Imelda Baldwin', '1996-12-06', '71914'),
(32, 'Julian Rosales', 'Amal Mercer', '1997-04-08', '725057'),
(33, 'Azalia Fuentes', 'Stewart Case', '1999-12-07', '24218'),
(34, 'Hector Shaw', 'Charlotte Snow', '1995-04-29', '157989'),
(35, 'Judah Mitchell', 'Carson Williams', '1998-12-11', '4020'),
(36, 'Benjamin Owens', 'Cally Skinner', '1998-05-24', '5133'),
(37, 'Simone Nguyen', 'Honorato Snider', '1994-04-05', '5146'),
(38, 'Hilary Mccormick', 'Lacy Webster', '1995-07-17', '57557'),
(39, 'Fitzgerald Avila', 'Elton Guerrero', '1994-08-30', '7726 HT'),
(40, 'Sydney Doyle', 'Kyla Griffin', '1994-10-02', '994560'),
(41, 'Tatiana Powell', 'Orlando Guzman', '1996-06-23', '7759'),
(42, 'Clinton Bruce', 'Orli Dickson', '1997-02-09', '30535'),
(43, 'Gary Sampson', 'Gary Young', '2001-03-09', '31726'),
(44, 'Deirdre Mckenzie', 'Acton Fitzgerald', '1997-12-23', '34596'),
(45, 'Quamar Myers', 'Lance Stephenson', '1996-12-06', '837578'),
(46, 'Iris Blanchard', 'Aurora Noel', '1995-11-19', '2024'),
(47, 'Adam Mcknight', 'Keegan Matthews', '2000-10-09', '60105'),
(48, 'Illiana Petty', 'Ruth Nguyen', '1998-05-28', '53-587'),
(49, 'Dustin Guy', 'Michael Donovan', '1994-05-18', '6523'),
(50, 'Shaeleigh Gay', 'Logan Martinez', '2000-06-10', '820117');

-- --------------------------------------------------------

--
-- Structure de la table `reservation`
--

DROP TABLE IF EXISTS `reservation`;
CREATE TABLE IF NOT EXISTS `reservation` (
  `id` int(11) NOT NULL AUTO_INCREMENT,
  `nom` varchar(40) DEFAULT NULL,
  `prenom` varchar(40) DEFAULT NULL,
  `dateNaissance` date DEFAULT NULL,
  `cin` varchar(60) DEFAULT NULL,
  `sexe` varchar(1) DEFAULT NULL,
  `numero` varchar(40) DEFAULT NULL,
  `adresse` varchar(50) DEFAULT NULL,
  `email` varchar(50) DEFAULT NULL,
  `idCentre` int(11) DEFAULT NULL,
  `idVaccin` int(11) DEFAULT NULL,
  `date` date DEFAULT NULL,
  `heure` time NOT NULL,
  PRIMARY KEY (`id`),
  KEY `idCentre` (`idCentre`),
  KEY `idVaccin` (`idVaccin`)
) ENGINE=MyISAM AUTO_INCREMENT=351 DEFAULT CHARSET=latin1;

--
-- Déchargement des données de la table `reservation`
--

INSERT INTO `reservation` (`id`, `nom`, `prenom`, `dateNaissance`, `cin`, `sexe`, `numero`, `adresse`, `email`, `idCentre`, `idVaccin`, `date`, `heure`) VALUES
(1, 'Fletcher Peck', 'Dante Puckett', '1988-09-10', '35357', 'f', '1-321-544-8858', 'P.O. Box 307, 6903 Mi. Road', 'eros@icloud.edu', 2, 4, '2021-08-24', '02:03:40'),
(2, 'Karyn Marshall', 'Sawyer Shepard', '1989-02-13', '114542', 'f', '(918) 781-6656', 'Ap #956-6767 Consectetuer St.', 'posuere@aol.couk', 9, 5, '2021-04-05', '07:58:05'),
(3, 'Acton Fischer', 'Macy Terry', '1996-03-03', '38487205', 'f', '(786) 266-6081', '942-8144 Sed Rd.', 'nunc@icloud.couk', 5, 2, '2022-10-17', '09:00:15'),
(4, 'Geoffrey Salas', 'Noel Stark', '1982-02-18', '27140', 'f', '(355) 130-4787', 'Ap #547-1971 Arcu. Av.', 'velit@yahoo.couk', 4, 5, '2022-10-20', '07:15:54'),
(5, 'Faith Foster', 'Shaine Bishop', '1992-08-18', '968951', 'f', '1-545-593-6213', '882-140 Accumsan Street', 'quis.tristique@aol.edu', 8, 9, '2021-11-23', '11:03:37'),
(6, 'Cheryl Pierce', 'Ross Buckley', '1993-01-03', '76451', 'f', '(426) 150-4769', '963-8909 Lectus Rd.', 'ipsum.phasellus.vitae@outlook.com', 10, 7, '2023-02-23', '05:07:37'),
(7, 'Cassidy Larsen', 'Reese Harvey', '1981-04-21', '85541-433', 'f', '1-644-538-2377', '7153 Est Av.', 'nulla.eget@protonmail.edu', 9, 2, '2021-03-22', '09:34:57'),
(8, 'Shana Bright', 'Brent Sykes', '1985-12-09', '215438', 'm', '1-299-689-7272', 'P.O. Box 826, 2598 Libero Road', 'nam@google.edu', 9, 7, '2022-06-11', '12:21:02'),
(9, 'Mannix Black', 'Ruby Melton', '1991-12-18', '341289', 'f', '1-256-544-0629', '456 Phasellus Av.', 'tristique.pharetra@google.couk', 1, 6, '2021-10-18', '12:13:37'),
(10, 'Myra Monroe', 'Pearl Donovan', '1984-05-11', '20968', 'f', '(722) 926-5033', '9375 Arcu St.', 'et.arcu@icloud.edu', 2, 4, '2021-11-05', '09:16:47'),
(11, 'Davis Velasquez', 'Bruce Haley', '1988-11-20', 'Y4L 8Y1', 'f', '1-737-228-9237', '149-970 Sem St.', 'ac.fermentum.vel@hotmail.ca', 9, 10, '2022-11-20', '03:46:47'),
(12, 'Hayden Cantu', 'Gage Browning', '1984-08-10', '43125', 'f', '(773) 602-3341', '5490 Tempus Street', 'suspendisse@aol.org', 4, 2, '2022-10-15', '09:08:40'),
(13, 'Michael West', 'Halla Dean', '1992-08-18', '516580', 'm', '1-301-804-0425', '9765 Congue Road', 'in@protonmail.edu', 7, 8, '2022-05-30', '11:24:50'),
(14, 'Fletcher Barton', 'Raja Tyson', '1989-04-29', '8529', 'f', '1-887-344-4962', 'Ap #460-233 Libero Street', 'integer.tincidunt@yahoo.net', 1, 3, '2022-12-30', '01:32:55'),
(15, 'Xenos Finley', 'Marsden Beasley', '1995-09-18', '13387', 'm', '1-373-792-8424', 'Ap #952-1268 Nam Street', 'eget.volutpat@yahoo.couk', 5, 6, '2022-01-15', '12:42:34'),
(16, 'Bernard Puckett', 'Gareth Langley', '1989-06-30', '16581', 'm', '1-343-848-3402', '949-5938 Mauris St.', 'scelerisque.neque@outlook.edu', 3, 9, '2021-07-22', '03:53:10'),
(17, 'Francis Mcgowan', 'Dante Snow', '1984-11-27', '05602', 'm', '(539) 752-8707', 'Ap #963-3609 Sed Rd.', 'mauris.aliquam@aol.edu', 6, 10, '2021-09-20', '04:41:26'),
(18, 'Drake Dickerson', 'Harding Washington', '1994-07-11', '54545', 'm', '(336) 317-3642', '583-8116 At, Av.', 'mollis@google.org', 4, 10, '2022-02-27', '06:01:20'),
(19, 'Hyatt Stanton', 'Tanek Puckett', '1992-02-15', '92-016', 'm', '(722) 748-4663', 'Ap #151-2368 Etiam Street', 'nec.tempus.mauris@google.edu', 5, 10, '2021-07-01', '04:03:32'),
(20, 'Josiah Mays', 'Malcolm Avila', '1987-04-02', '8712-2331', 'f', '(176) 572-4493', '432-4071 Proin Street', 'non.lorem@protonmail.com', 4, 3, '2023-03-04', '06:02:03'),
(21, 'Quon Whitley', 'Jerry Robbins', '1980-06-23', '2627', 'f', '(678) 262-1264', '544-7408 Ut Av.', 'nibh.phasellus@outlook.net', 2, 7, '2022-02-12', '07:00:59'),
(22, 'Nola Hurley', 'Timon Hooper', '1990-04-25', '830221', 'f', '1-385-431-9317', 'Ap #176-6597 Sed Rd.', 'iaculis@aol.edu', 6, 5, '2021-08-16', '10:21:08'),
(23, 'Aspen Watts', 'Keane Berg', '1984-07-10', '544945', 'f', '1-533-546-6392', '582-434 Consectetuer Street', 'eget.ipsum.suspendisse@protonmail.net', 8, 8, '2022-05-07', '06:10:37'),
(24, 'Evelyn Watkins', 'Daquan Mann', '1992-12-18', '537655', 'f', '1-959-654-8332', '7843 Ut Av.', 'nibh.aliquam.ornare@yahoo.org', 2, 2, '2022-04-24', '11:31:07'),
(25, 'Regina Mcknight', 'Adara Phelps', '1984-11-22', '5544', 'f', '(763) 148-1131', 'Ap #227-1041 Sociis Avenue', 'nec@outlook.org', 4, 6, '2021-04-29', '12:56:55'),
(26, 'Alden Andrews', 'Carlos Manning', '1995-01-11', '8117', 'm', '1-850-179-0620', '207 Cras Ave', 'a.purus@hotmail.org', 4, 7, '2021-09-01', '03:09:49'),
(27, 'Blythe Colon', 'Xavier Harrington', '1983-04-19', 'Y5G 3Y7', 'm', '1-514-418-4766', '500-3993 Erat Street', 'placerat.eget@yahoo.com', 6, 2, '2022-07-28', '01:50:52'),
(28, 'Brooke Spencer', 'Felix Jennings', '1992-08-30', '21668', 'm', '(325) 908-6761', '9314 Turpis Av.', 'eleifend.non@icloud.org', 8, 7, '2021-11-21', '09:42:37'),
(29, 'Russell Best', 'Tallulah Mcintosh', '1980-10-29', '14767', 'f', '1-620-651-4782', '963-5464 Malesuada St.', 'nulla@yahoo.ca', 3, 8, '2022-06-21', '05:06:39'),
(30, 'Kelly Hall', 'Sybil Battle', '1985-03-17', '54137', 'm', '1-535-147-6851', '853-5081 Donec Avenue', 'feugiat.tellus@hotmail.net', 6, 9, '2021-10-29', '01:06:30'),
(31, 'Carly Whitfield', 'Castor Valencia', '1988-12-10', '560404', 'f', '(457) 589-3164', '718-9412 Nisl Road', 'posuere@hotmail.couk', 0, 6, '2022-09-03', '11:59:51'),
(32, 'Solomon Knox', 'Indira Dalton', '1983-08-14', '69462', 'f', '1-674-405-2652', 'Ap #968-6198 Quam Ave', 'etiam.ligula.tortor@yahoo.couk', 7, 5, '2022-09-04', '11:05:14'),
(33, 'Athena Thomas', 'Aline Ross', '1982-02-20', '50205', 'm', '1-482-733-6114', '7556 Felis Rd.', 'neque.venenatis@google.ca', 2, 4, '2023-01-15', '01:33:43'),
(34, 'Gabriel Beck', 'Addison Stokes', '1988-08-06', '86-283', 'f', '1-358-674-1192', '3471 Primis Road', 'tristique.ac@google.couk', 1, 9, '2021-09-16', '01:50:45'),
(35, 'Rosalyn Howard', 'Charissa Diaz', '1982-11-17', '28738', 'm', '(236) 753-8562', 'Ap #568-7104 Sodales Ave', 'lorem@google.ca', 7, 9, '2022-03-12', '06:15:21'),
(36, 'Whoopi Barnett', 'Nathan Blanchard', '1988-02-21', '45623-35353', 'f', '(226) 286-2287', '603-4547 Non Rd.', 'ut.molestie@icloud.ca', 2, 3, '2022-02-19', '07:56:27'),
(37, 'Micah Fuentes', 'Rogan Holman', '1989-03-19', '735251', 'm', '(452) 676-5425', '2368 Ultricies St.', 'vitae.velit.egestas@icloud.couk', 0, 8, '2022-02-28', '08:12:56'),
(38, 'Gage Contreras', 'Nash Baird', '1985-05-28', '69942', 'f', '1-712-394-7679', 'P.O. Box 901, 2273 Torquent Av.', 'orci@yahoo.edu', 8, 7, '2021-07-15', '03:29:12'),
(39, 'Cruz Green', 'Murphy Foster', '1989-09-05', '30218', 'm', '1-854-682-5155', '637-4320 Semper Ave', 'aliquet@protonmail.ca', 10, 8, '2022-12-21', '04:08:58'),
(40, 'Plato Berry', 'Noel Kent', '1991-12-22', '1814', 'm', '(683) 720-1816', '6345 Primis Rd.', 'quisque.porttitor@aol.couk', 5, 5, '2023-02-16', '07:48:32'),
(41, 'Theodore Downs', 'Shana Schmidt', '1995-12-15', '858024', 'm', '1-917-265-8334', '532-6708 Metus Rd.', 'sem.magna.nec@hotmail.couk', 3, 9, '2022-06-11', '03:54:50'),
(42, 'Ann Nash', 'Lesley Velazquez', '1986-04-11', '61857', 'f', '1-538-382-6686', '406-1009 Nunc, Rd.', 'hendrerit.donec.porttitor@google.ca', 3, 9, '2021-04-15', '09:36:03'),
(43, 'Austin Velazquez', 'Neville Shaw', '1987-04-01', '21-641', 'f', '(995) 514-8485', 'Ap #566-7586 A St.', 'urna.justo@google.com', 2, 1, '2021-12-13', '02:39:38'),
(44, 'Aaron Hinton', 'Victoria Bentley', '1985-06-01', '272189', 'f', '1-781-685-3018', 'P.O. Box 998, 3848 Augue Road', 'eros.nam.consequat@outlook.ca', 6, 7, '2021-08-15', '07:21:09'),
(45, 'Brynn Cameron', 'Kirk Decker', '1982-10-06', '355812', 'f', '(876) 347-3959', '763-8070 Turpis Street', 'sit.amet@hotmail.com', 4, 4, '2022-07-03', '11:03:29'),
(46, 'Ria Moreno', 'Vanna Humphrey', '1982-12-21', '50132', 'm', '(468) 675-7406', 'Ap #993-255 Magna. St.', 'tempus.non@protonmail.couk', 6, 9, '2022-02-13', '03:20:15'),
(47, 'Kyla Blackburn', 'Keaton Glass', '1994-02-13', '68230', 'f', '1-938-246-0185', '589-3099 A, Ave', 'etiam.gravida@icloud.ca', 9, 6, '2021-03-16', '06:30:36'),
(48, 'Piper Jones', 'Miriam Watts', '1986-12-13', '63-48', 'm', '(275) 816-1622', 'P.O. Box 718, 198 Tristique St.', 'ante@outlook.net', 7, 7, '2021-04-07', '07:19:43'),
(49, 'Harlan Preston', 'Randall Horton', '1991-03-26', '6442', 'm', '(511) 351-1941', '556-9896 Tempus St.', 'accumsan@google.com', 7, 9, '2022-06-03', '10:31:48'),
(50, 'Anika Jensen', 'Nero Jacobson', '1982-05-18', '77455', 'm', '1-178-932-5933', '932-8979 Mi, St.', 'elementum.lorem@hotmail.org', 8, 1, '2021-11-26', '02:37:21'),
(51, 'Vance Sandoval', 'Allen Foley', '1990-09-04', '47567-58533', 'f', '(773) 687-7653', '814-7292 Curae St.', 'erat.vitae@yahoo.ca', 10, 5, '2021-11-08', '08:17:47'),
(52, 'Ira Gilliam', 'Jenette Summers', '1984-01-14', '183346', 'f', '1-719-253-4334', 'Ap #412-2744 Non, Road', 'nascetur@protonmail.ca', 9, 6, '2021-03-17', '09:57:17'),
(53, 'Whoopi Wood', 'Morgan Todd', '1991-01-09', '98382', 'm', '(955) 549-8243', 'Ap #182-623 Feugiat Av.', 'nunc.nulla@google.edu', 8, 8, '2022-01-04', '12:18:48'),
(54, 'Axel Young', 'Vivien Gray', '1992-08-29', '30216', 'f', '(625) 762-3024', 'P.O. Box 753, 975 Duis St.', 'pede.suspendisse.dui@aol.couk', 9, 3, '2021-11-30', '07:36:57'),
(55, 'Sheila Rogers', 'Reece Cross', '1982-12-01', '63123', 'f', '1-964-535-9346', '7274 Eget St.', 'lorem.auctor.quis@icloud.com', 7, 9, '2021-06-24', '04:19:53'),
(56, 'Edward Edwards', 'Eugenia Watts', '1986-03-14', '41-578', 'm', '(752) 259-3994', 'Ap #262-4179 Fringilla St.', 'ridiculus.mus.proin@outlook.net', 5, 6, '2022-07-02', '01:57:36'),
(57, 'Calista Turner', 'Jasper Keller', '1984-06-18', '3636', 'm', '1-212-302-4195', '5958 Faucibus. Rd.', 'nec.urna@outlook.couk', 7, 9, '2022-06-28', '11:28:22'),
(58, 'Quinn Peterson', 'Sage Albert', '1993-12-13', '17834', 'f', '1-577-753-1616', 'P.O. Box 442, 996 Odio Rd.', 'amet.luctus.vulputate@yahoo.ca', 2, 3, '2023-01-10', '03:58:50'),
(59, 'Clinton Richmond', 'Gay Joyce', '1994-08-26', '1111', 'f', '1-639-460-4722', 'P.O. Box 767, 5952 Inceptos Avenue', 'nibh.phasellus.nulla@outlook.ca', 5, 5, '2021-08-13', '01:04:03'),
(60, 'Marah Castaneda', 'Xenos Beach', '1981-05-26', '2521 KK', 'f', '1-759-638-6338', 'Ap #305-7005 Tempus Rd.', 'vivamus.rhoncus.donec@hotmail.com', 8, 3, '2021-10-18', '02:19:31'),
(61, 'Eagan Houston', 'Cameron Gaines', '1993-11-02', '48653', 'm', '(121) 704-5656', 'P.O. Box 860, 4643 Euismod Rd.', 'a.feugiat@hotmail.ca', 1, 3, '2021-04-26', '09:28:01'),
(62, 'Carolyn Levine', 'Ishmael Contreras', '1983-03-10', '678865', 'f', '(361) 598-8957', '161-5983 Ac Avenue', 'ac.mattis.ornare@yahoo.org', 4, 2, '2021-04-20', '07:24:21'),
(63, 'Kamal Mccarty', 'Mason Stevenson', '1981-06-30', '490287', 'm', '1-251-778-6327', 'P.O. Box 474, 9118 Ante Street', 'aliquam.nisl@google.com', 2, 9, '2021-12-04', '07:43:25'),
(64, 'Portia Davis', 'Ignatius Randolph', '1994-06-23', '962165', 'm', '(806) 273-7772', '907-767 Penatibus Rd.', 'erat@google.ca', 8, 4, '2022-11-20', '03:42:01'),
(65, 'Ann Medina', 'Aretha Crane', '1980-05-26', '0185', 'f', '(943) 815-5973', '674-2602 Volutpat. Street', 'est.mollis@protonmail.edu', 4, 6, '2022-01-09', '07:19:59'),
(66, 'Gage Mann', 'Anthony Atkins', '1992-01-06', '536638', 'f', '1-352-796-4853', '788-9344 Posuere, Street', 'etiam.laoreet.libero@hotmail.couk', 1, 4, '2021-09-26', '10:17:41'),
(67, 'Lacey Hood', 'Piper Bishop', '1983-07-31', '6454 QY', 'm', '(557) 712-4544', '115-8351 Etiam Rd.', 'tincidunt.pede@google.edu', 7, 5, '2021-12-26', '11:36:35'),
(68, 'Brandon Mcdaniel', 'Arden Guerra', '1989-12-19', '82183-805', 'm', '1-825-399-1555', 'P.O. Box 442, 8944 Amet Rd.', 'mollis@icloud.net', 3, 3, '2021-12-15', '08:40:17'),
(69, 'Hector Blankenship', 'Bradley Delacruz', '1990-06-04', '8026', 'm', '1-501-207-2911', 'P.O. Box 273, 3898 Urna Rd.', 'scelerisque@icloud.edu', 5, 4, '2021-05-06', '10:22:53'),
(70, 'Medge Avery', 'Macey Delacruz', '1987-03-14', '15640', 'f', '1-435-440-5524', '437-7424 Mi. Rd.', 'sem.ut@hotmail.couk', 9, 2, '2022-07-01', '02:27:27'),
(71, 'Shaine Mcguire', 'Nigel Mann', '1982-03-14', '403437', 'f', '1-145-589-5417', 'Ap #617-7528 Sociis Rd.', 'per.inceptos@google.edu', 3, 9, '2021-07-24', '10:18:03'),
(72, 'Jerry Pennington', 'Gavin Walter', '1991-10-20', '51146', 'f', '1-797-365-9342', '7083 In St.', 'a@aol.com', 5, 4, '2022-04-06', '11:17:21'),
(73, 'Solomon Palmer', 'Shelley Webb', '1989-03-09', '86284-155', 'f', '1-227-317-1339', 'P.O. Box 354, 3387 Dolor Rd.', 'eleifend.non.dapibus@outlook.couk', 9, 2, '2021-10-29', '10:33:37'),
(74, 'Emi Nixon', 'Gay Martin', '1980-06-15', '1875 YM', 'm', '(267) 385-1862', 'Ap #210-2717 Aliquam Rd.', 'at.libero@protonmail.net', 1, 9, '2023-01-20', '09:08:34'),
(75, 'Leila Bryan', 'Alexis Landry', '1981-01-29', '41984-657', 'f', '1-785-665-1318', 'P.O. Box 541, 2205 Odio Avenue', 'per.conubia.nostra@yahoo.couk', 6, 4, '2021-09-10', '07:22:59'),
(76, 'Camilla Wise', 'Wade Ward', '1991-11-02', '673181', 'f', '(648) 644-2069', '606-1253 Diam. St.', 'vitae.erat@yahoo.org', 1, 5, '2021-04-24', '12:56:36'),
(77, 'Hoyt Brooks', 'Mari Diaz', '1993-04-05', '1666 XY', 'm', '(333) 335-5921', 'P.O. Box 338, 6323 Consequat Street', 'non.quam@protonmail.com', 7, 3, '2021-11-30', '11:57:27'),
(78, 'Palmer Mclean', 'Aidan Collins', '1981-11-06', '66177', 'f', '(664) 385-5576', 'Ap #499-4386 Ligula Ave', 'massa.quisque@hotmail.com', 9, 3, '2022-07-31', '06:49:25'),
(79, 'Christopher Morrison', 'Knox Horne', '1984-03-23', '219248', 'm', '(775) 535-8239', '1336 Neque. Rd.', 'arcu.vestibulum@protonmail.ca', 8, 9, '2021-09-25', '01:51:50'),
(80, 'Amy Richards', 'Nerea Giles', '1992-05-19', '548327', 'm', '(279) 403-7855', '213-952 Tempor, St.', 'sem.ut@icloud.edu', 6, 8, '2022-01-08', '04:18:39'),
(81, 'Dennis Hill', 'Ciara Wright', '1986-11-10', '6675', 'f', '1-217-494-5337', 'Ap #420-6482 Proin Rd.', 'convallis.ligula@hotmail.couk', 7, 10, '2021-11-25', '07:58:46'),
(82, 'Beck Calderon', 'Chadwick Kemp', '1990-05-10', 'b6L 2H6', 'm', '1-635-726-6548', 'Ap #828-3508 Pede Street', 'malesuada.fringilla@protonmail.edu', 8, 8, '2021-07-19', '11:19:47'),
(83, 'Jillian Sweet', 'Dominique Booker', '1991-09-02', '83158', 'f', '1-242-284-3776', 'Ap #754-6618 Sollicitudin Ave', 'lectus.pede@icloud.ca', 3, 8, '2021-05-12', '11:45:39'),
(84, 'Isabelle Coleman', 'Faith Roman', '1995-12-21', '5384', 'm', '(863) 486-9678', 'Ap #387-225 Mattis. Av.', 'iaculis.lacus@icloud.ca', 5, 5, '2021-06-04', '06:56:50'),
(85, 'Hop Kramer', 'Berk Byers', '1988-01-08', 'S3Y 8L8', 'f', '1-671-939-5598', '543-4361 Sed, Av.', 'et.magnis@yahoo.ca', 0, 6, '2022-02-10', '11:45:12'),
(86, 'Shafira Gibson', 'Camden O\'brien', '1981-05-26', '855882', 'f', '(666) 453-7835', 'P.O. Box 918, 8623 At, Avenue', 'purus@google.org', 4, 2, '2021-11-29', '04:31:44'),
(87, 'Beck Huffman', 'Lester Kane', '1993-04-14', '24695', 'f', '(268) 833-1698', '328 Ligula. Ave', 'venenatis.lacus@aol.edu', 2, 8, '2021-08-27', '10:06:22'),
(88, 'Francis Dean', 'Micah Reilly', '1995-12-08', '54321-471', 'm', '1-433-642-1386', 'Ap #634-5238 Arcu. Street', 'consectetuer.adipiscing.elit@icloud.ca', 2, 5, '2022-10-24', '01:40:14'),
(89, 'Cruz Sherman', 'Leila Talley', '1983-11-04', '4717', 'm', '(482) 754-4345', '991-3526 Placerat Ave', 'est@hotmail.couk', 9, 3, '2022-06-06', '04:39:19'),
(90, 'Tanisha Stevens', 'Keiko Sutton', '1981-02-16', '56386', 'f', '(152) 538-7938', '3502 Ligula. Avenue', 'orci.consectetuer.euismod@yahoo.ca', 5, 1, '2022-02-26', '02:54:07'),
(91, 'Michelle Bass', 'Chase Hancock', '1983-11-16', '1988', 'm', '(514) 396-7519', 'Ap #867-6455 Nec Rd.', 'nunc.est@aol.ca', 2, 1, '2022-04-13', '08:47:03'),
(92, 'Kuame Wolfe', 'Tucker Meyers', '1994-10-10', '82252-48883', 'f', '(602) 371-7753', 'P.O. Box 575, 923 Ut, Road', 'a.ultricies@google.ca', 1, 2, '2022-09-27', '12:14:37'),
(93, 'Alfonso Lindsay', 'Jared Greene', '1996-03-11', '72231', 'm', '1-526-359-5686', '611-6084 Cubilia St.', 'nullam.enim.sed@protonmail.couk', 5, 7, '2022-01-01', '01:53:49'),
(94, 'Colorado Mosley', 'Berk Mccarthy', '1992-12-29', '12-184', 'm', '1-368-779-8037', 'P.O. Box 922, 8529 Arcu. Street', 'malesuada.fringilla@icloud.com', 6, 2, '2021-06-13', '08:02:08'),
(95, 'Simon Carroll', 'Tate Strickland', '1983-09-26', '98215-443', 'f', '(316) 808-5557', '6154 Tempor Rd.', 'dictum@hotmail.edu', 5, 2, '2021-12-17', '04:20:27'),
(96, 'Inga James', 'Ray Watkins', '1991-02-05', '547675', 'f', '1-562-685-5345', '1378 Et Av.', 'nascetur.ridiculus.mus@icloud.edu', 10, 7, '2021-08-19', '06:12:35'),
(97, 'Winter Franco', 'Ramona Roberts', '1990-10-22', '83581-28553', 'f', '1-794-684-6134', 'Ap #105-9005 Est Avenue', 'tortor.at.risus@yahoo.com', 5, 9, '2022-07-25', '01:41:57'),
(98, 'Rachel Peck', 'Dennis George', '1991-05-03', '1386-1760', 'm', '1-372-214-2523', 'P.O. Box 974, 7284 Non St.', 'eros.proin.ultrices@hotmail.com', 9, 5, '2021-04-19', '01:59:43'),
(99, 'Yardley Carey', 'Fatima Grant', '1986-01-18', '843734', 'f', '1-842-915-7223', '1479 Morbi Road', 'nisi.aenean.eget@icloud.couk', 6, 4, '2021-10-01', '04:09:46'),
(100, 'Christopher Cote', 'Stewart Boyd', '1990-05-09', '33-32', 'f', '1-272-717-9366', 'Ap #614-4260 Sit Rd.', 'fermentum.risus@hotmail.com', 9, 8, '2022-04-11', '04:57:41'),
(101, 'Violet Fuller', 'Geoffrey Mckinney', '1995-01-27', '57148', 'm', '1-576-161-5632', 'Ap #511-1616 Inceptos Road', 'non.dui@outlook.org', 1, 2, '2023-01-31', '08:15:05'),
(102, 'Maggy Shannon', 'Thor Kirkland', '1987-12-02', '759586', 'm', '1-665-810-0249', '3916 Ut Rd.', 'ante.ipsum.primis@google.edu', 6, 7, '2022-02-21', '07:54:48'),
(103, 'Phyllis Alston', 'Shaine Buckley', '1991-04-12', '62901', 'f', '(133) 756-5518', '8031 Quam Ave', 'pharetra.sed.hendrerit@outlook.com', 5, 9, '2021-03-17', '10:11:11'),
(104, 'Kyle Wong', 'Quemby Reilly', '1996-02-07', '50006', 'f', '1-211-352-7114', '8737 Tincidunt, St.', 'massa.rutrum@protonmail.couk', 4, 7, '2023-03-09', '06:09:26'),
(105, 'Thane Nielsen', 'Isaiah Parsons', '1982-03-08', '9161', 'm', '1-568-249-1412', 'Ap #766-6192 Nulla Av.', 'laoreet.libero@yahoo.couk', 2, 10, '2021-08-25', '04:24:57'),
(106, 'Caldwell Randolph', 'Farrah Parrish', '1994-12-29', '38402', 'f', '(810) 632-1651', 'P.O. Box 253, 4606 Tempor Avenue', 'nulla.eu@yahoo.com', 5, 5, '2023-03-09', '06:06:05'),
(107, 'Brody Bird', 'Joan Hudson', '1994-06-08', '44164', 'f', '(252) 227-5847', 'Ap #185-6001 Eget Street', 'purus.nullam@hotmail.ca', 0, 9, '2022-11-17', '04:56:25'),
(108, 'Paul Green', 'Cherokee Logan', '1995-04-10', '5376', 'm', '(275) 570-1864', '130-929 Enim. St.', 'erat.vivamus.nisi@hotmail.org', 6, 2, '2022-04-03', '10:47:26'),
(109, 'Hall Mayo', 'Daniel Underwood', '1985-01-31', '8813', 'f', '1-367-240-6288', 'Ap #992-1196 Ut St.', 'nunc.interdum.feugiat@protonmail.org', 9, 4, '2022-11-20', '05:26:00'),
(110, 'April Mitchell', 'Travis Summers', '1988-03-28', '41817', 'f', '(858) 628-4131', '410-2425 Duis Av.', 'quisque.nonummy@protonmail.com', 9, 7, '2023-02-10', '12:36:25'),
(111, 'Peter Mcdaniel', 'Jamal Gamble', '1986-09-02', '65733', 'm', '(834) 221-1286', 'Ap #793-1519 Dolor, St.', 'nunc.commodo@outlook.com', 7, 10, '2021-04-10', '10:14:00'),
(112, 'Yeo Bradford', 'Charles Lawrence', '1989-05-01', '337188', 'f', '1-515-273-2133', 'Ap #563-118 Purus Rd.', 'natoque.penatibus@protonmail.org', 4, 4, '2022-12-07', '01:48:08'),
(113, 'Lucy Walsh', 'Quemby Hopper', '1980-11-15', '423616', 'f', '1-503-340-3121', 'Ap #945-2990 Et St.', 'vitae.aliquet.nec@protonmail.edu', 7, 9, '2022-12-11', '05:29:01'),
(114, 'Keith Davis', 'Kessie Tucker', '1988-01-14', 'XQ7 5LR', 'f', '1-410-718-6640', 'P.O. Box 274, 4907 Faucibus Road', 'eu.tempor.erat@outlook.ca', 2, 5, '2022-01-15', '08:57:39'),
(115, 'Preston Payne', 'Abdul Baker', '1981-08-07', 'B0B 8G5', 'f', '1-863-519-3017', '8177 Non, Av.', 'non.dui@protonmail.org', 4, 2, '2022-10-21', '02:08:59'),
(116, 'Beverly Moss', 'Veda Hogan', '1986-04-27', '27693', 'm', '1-222-272-5469', '6510 Vehicula Road', 'turpis.non@icloud.net', 5, 10, '2022-02-18', '07:09:02'),
(117, 'Cassidy Ayala', 'Kay Hooper', '1993-02-22', '07831', 'f', '(784) 466-3674', 'P.O. Box 702, 8437 Pede. Road', 'donec@outlook.couk', 5, 4, '2022-02-01', '06:19:01'),
(118, 'Orson Arnold', 'Buckminster Shields', '1983-08-07', '6723', 'f', '(458) 241-5652', 'P.O. Box 377, 2821 Sapien. Rd.', 'tincidunt@protonmail.net', 1, 6, '2021-06-06', '08:13:03'),
(119, 'Cole Miles', 'Liberty Nolan', '1986-10-31', '3520', 'f', '(114) 563-2344', 'Ap #659-7845 Sit Rd.', 'sem.vitae@aol.couk', 4, 4, '2022-07-04', '02:09:12'),
(120, 'Marsden Roman', 'Kennedy Lawson', '1985-11-29', '1242', 'm', '(504) 481-1406', 'Ap #556-3179 Feugiat Avenue', 'magnis@google.edu', 8, 4, '2022-12-13', '04:23:52'),
(121, 'Maia Watkins', 'Camden Mcleod', '1995-07-23', '51502', 'm', '1-216-502-2162', '4387 Arcu. St.', 'ligula@outlook.couk', 3, 2, '2023-02-16', '02:24:38'),
(122, 'Jolie Finch', 'Tanek Lucas', '1983-10-17', '33502', 'm', '1-454-476-2323', 'P.O. Box 859, 6676 Vel Rd.', 'diam.eu@icloud.ca', 8, 6, '2023-01-05', '01:33:18'),
(123, 'Nash Bird', 'Benedict O\'Neill', '1988-10-21', '50207', 'f', '(508) 893-2035', '615-8065 Sociis Av.', 'sollicitudin.commodo@aol.couk', 4, 3, '2021-11-23', '11:30:05'),
(124, 'Sasha Curtis', 'Phoebe Good', '1981-02-09', '30104', 'm', '1-762-468-3593', '6746 Et, Road', 'eget.venenatis.a@outlook.net', 8, 2, '2022-02-08', '11:21:31'),
(125, 'Naida Joseph', 'Walker Johnson', '1993-06-01', '562860', 'f', '(685) 676-4241', '516-4509 Sit Avenue', 'fusce.mi.lorem@hotmail.org', 6, 10, '2023-01-04', '03:17:41'),
(126, 'Armando Valenzuela', 'Brennan Trujillo', '1988-12-28', '495126', 'm', '(615) 763-0257', '5903 Aliquet, Rd.', 'posuere.cubilia@protonmail.couk', 1, 6, '2021-05-19', '06:48:26'),
(127, 'Wade Buckley', 'Stephen Jordan', '1984-05-25', '5925', 'm', '1-567-202-4528', '213-9719 Gravida Rd.', 'penatibus@outlook.couk', 7, 7, '2023-01-27', '07:57:28'),
(128, 'Christopher Holden', 'Shaeleigh Maxwell', '1993-01-06', '5585 DW', 'm', '(880) 692-7117', 'Ap #930-3146 Fringilla. Rd.', 'imperdiet.ullamcorper@icloud.couk', 1, 3, '2022-12-13', '11:18:23'),
(129, 'Dennis Dyer', 'Rahim O\'brien', '1993-08-22', '3781', 'f', '1-300-705-3555', '386-1889 Nulla St.', 'nec.tellus@hotmail.com', 7, 4, '2022-11-05', '11:09:46'),
(130, 'Mark Manning', 'Yuri Ayala', '1982-02-18', '1766 ZD', 'f', '1-564-567-7662', '731-5976 Vulputate Road', 'nonummy.fusce@outlook.couk', 1, 7, '2021-09-10', '03:11:22'),
(131, 'Logan Deleon', 'Josephine Sullivan', '1985-07-16', '91592', 'f', '(890) 345-4624', 'Ap #549-4607 Non, Rd.', 'pede.cum@google.edu', 2, 2, '2022-03-22', '07:06:50'),
(132, 'Noel Mcgee', 'Ashely Reese', '1986-08-15', '87637', 'm', '1-542-885-9287', 'Ap #835-7038 Aliquet Avenue', 'egestas@aol.net', 9, 4, '2022-06-14', '05:42:47'),
(133, 'Caldwell Huff', 'Lucian Crane', '1982-07-22', '414298', 'f', '(298) 744-5796', 'Ap #693-3841 Aliquam Street', 'nec@aol.org', 7, 9, '2021-04-18', '09:46:31'),
(134, 'Kai Rojas', 'Victoria Santiago', '1991-02-27', '1569', 'm', '1-651-214-1374', 'P.O. Box 613, 1687 Augue Ave', 'integer.aliquam.adipiscing@google.org', 1, 4, '2022-09-03', '10:00:41'),
(135, 'Charlotte Sampson', 'Kathleen Mendez', '1996-03-06', '2855', 'f', '(385) 648-6518', '713 Natoque Rd.', 'sociis.natoque@yahoo.couk', 9, 3, '2021-10-01', '12:08:21'),
(136, 'Ingrid Rojas', 'Todd O\'connor', '1995-06-04', '561153', 'f', '(176) 331-3958', 'P.O. Box 521, 6748 Non St.', 'dictum.ultricies.ligula@google.ca', 4, 3, '2022-03-14', '10:09:31'),
(137, 'Garth Mullins', 'Illiana Donaldson', '1988-06-22', '751175', 'm', '1-581-837-7836', 'P.O. Box 612, 8671 Augue, Rd.', 'nibh@google.org', 1, 4, '2021-06-07', '06:47:59'),
(138, 'Anjolie Richard', 'Nathan Chase', '1988-10-19', '64123', 'f', '(538) 527-7646', 'Ap #760-8875 Vitae St.', 'aliquam.eros.turpis@icloud.com', 1, 5, '2022-06-29', '06:23:41'),
(139, 'Austin Morris', 'Lunea Livingston', '1986-10-07', '229128', 'f', '(764) 640-2826', 'Ap #768-5958 Placerat. St.', 'suspendisse.ac@icloud.com', 10, 6, '2021-07-20', '03:44:08'),
(140, 'Ima Vaughan', 'Adele Knowles', '1984-11-20', '23945-39734', 'f', '1-674-266-6064', '439-250 Proin St.', 'tincidunt.donec@hotmail.org', 0, 8, '2022-04-23', '09:01:34'),
(141, 'Bo Pickett', 'Heidi Buck', '1985-08-30', '02486', 'm', '(232) 298-8835', '5745 Laoreet Av.', 'augue.sed@google.edu', 8, 8, '2023-01-19', '03:05:27'),
(142, 'Jameson Mcleod', 'Jack Bishop', '1984-04-16', '237810', 'f', '1-576-385-2835', 'Ap #850-4978 Metus Rd.', 'phasellus.in.felis@aol.com', 8, 3, '2021-07-11', '04:45:59'),
(143, 'Reuben Stout', 'Luke Acosta', '1995-02-05', '6910 VW', 'm', '1-471-444-3796', '627-3273 Est St.', 'vulputate.dui@icloud.org', 7, 2, '2022-03-19', '02:02:28'),
(144, 'Rhonda Farley', 'Alana Kidd', '1995-01-16', '13705-574', 'f', '(621) 144-4494', '872-2806 Integer Street', 'tempor@google.com', 10, 1, '2021-10-06', '11:31:03'),
(145, 'Emily Torres', 'Silas Pittman', '1985-07-28', '3264', 'f', '(448) 601-7466', '402-2494 Elit St.', 'congue@hotmail.ca', 6, 8, '2021-12-03', '08:39:44'),
(146, 'Zenaida Morton', 'Petra Holman', '1988-12-26', '3403', 'f', '(652) 835-4403', 'P.O. Box 752, 6838 Interdum Ave', 'eu.odio.tristique@icloud.net', 1, 6, '2023-02-24', '03:24:33'),
(147, 'Hedda Conley', 'Galvin Dunn', '1986-09-16', '4718-7139', 'f', '1-772-993-8840', 'P.O. Box 458, 2237 Pellentesque Rd.', 'vivamus.rhoncus.donec@yahoo.org', 4, 3, '2023-02-26', '06:02:59'),
(148, 'Rana Knowles', 'Wynter Valentine', '1992-07-16', '54417', 'f', '(796) 871-3646', 'Ap #903-7173 Gravida Road', 'libero.dui@yahoo.ca', 9, 8, '2021-08-29', '07:07:53'),
(149, 'Ashton Holland', 'Deborah Wilson', '1983-07-15', '32942', 'f', '(297) 409-5260', '192-4794 Rutrum Street', 'augue.id@hotmail.org', 2, 8, '2022-12-23', '12:18:44'),
(150, 'Simone Baird', 'Jared Graves', '1981-01-19', '46558', 'f', '(731) 411-1017', 'Ap #687-6128 Vehicula Road', 'dictum@icloud.ca', 4, 2, '2021-11-01', '01:43:44'),
(151, 'Jessica Olson', 'Donovan Porter', '1985-02-08', '443727', 'f', '(177) 221-2786', '7007 Neque Road', 'integer.tincidunt@google.org', 4, 9, '2021-10-22', '01:22:41'),
(152, 'Hedy Carey', 'Ariel Cruz', '1982-01-10', '389252', 'f', '(663) 514-2985', 'P.O. Box 946, 3977 Rutrum. Road', 'nisi.sem@aol.edu', 3, 9, '2022-10-02', '05:41:10'),
(153, 'Steel Martinez', 'Clarke Wiggins', '1993-08-02', '278576', 'f', '1-282-446-9795', 'P.O. Box 129, 2445 Tellus. Av.', 'adipiscing.enim@yahoo.net', 10, 6, '2021-06-18', '08:27:12'),
(154, 'Jaime Massey', 'Quinn Combs', '1983-08-29', '394566', 'm', '1-472-856-8578', '304 Purus, St.', 'at.lacus@protonmail.edu', 3, 5, '2021-11-12', '11:17:50'),
(155, 'Ann Daniels', 'Kieran Bradley', '1992-09-24', '40934', 'm', '(406) 772-5685', '553-5447 Dolor Av.', 'ac@google.net', 5, 8, '2022-12-20', '01:54:18'),
(156, 'Malachi Mcfadden', 'Karina William', '1986-02-14', '9868-5554', 'f', '(636) 836-1973', '9619 Venenatis Rd.', 'aliquet.magna.a@aol.com', 7, 2, '2021-08-12', '10:43:36'),
(157, 'Mohammad Campbell', 'Blake West', '1995-10-30', '427718', 'f', '1-718-878-8178', 'P.O. Box 713, 6735 Conubia Ave', 'ac.fermentum.vel@aol.org', 8, 7, '2022-06-10', '04:11:14'),
(158, 'Geoffrey Calhoun', 'Norman Bradford', '1981-08-13', '86-62', 'm', '(677) 234-3495', '557-3108 Ultrices Avenue', 'mus@outlook.ca', 2, 10, '2022-08-15', '02:20:14'),
(159, 'Colorado Strickland', 'Tamara Osborne', '1986-07-17', '715893', 'f', '1-811-843-4748', '1344 Luctus, St.', 'parturient@aol.ca', 1, 3, '2021-11-15', '04:24:31'),
(160, 'Hanae Rocha', 'Macey Hickman', '1989-12-03', '914003', 'm', '(278) 333-5556', '909-594 Ullamcorper, Street', 'eu.dui.cum@aol.ca', 9, 5, '2022-10-09', '06:21:59'),
(161, 'Carly Rivera', 'Arthur Hopkins', '1993-04-15', '465755', 'm', '1-235-282-3186', 'P.O. Box 365, 5383 Montes, Road', 'aliquet.odio.etiam@aol.ca', 5, 7, '2021-03-21', '03:06:14'),
(162, 'Wylie Russell', 'Ciara Gallegos', '1991-08-21', '97213', 'f', '(528) 361-4365', '385-315 Aliquet, Rd.', 'lobortis.augue@google.org', 2, 7, '2021-03-26', '04:37:50'),
(163, 'Ursa Cummings', 'Zenia Hicks', '1994-05-24', '43-75', 'm', '1-788-305-6803', 'Ap #983-6688 Tempor Road', 'vel.est@google.org', 7, 2, '2022-07-10', '12:31:16'),
(164, 'Pamela Gamble', 'Simone Miranda', '1991-03-23', '7822', 'm', '(316) 145-0810', 'Ap #122-9281 Ac St.', 'quisque.porttitor@google.org', 5, 9, '2022-09-09', '02:48:31'),
(165, 'George Ward', 'Bradley Levy', '1985-04-09', '20415', 'f', '1-577-738-9883', '102-8965 Praesent Street', 'velit.egestas@hotmail.ca', 2, 9, '2022-04-07', '01:44:29'),
(166, 'Joel Barrett', 'Jeremy Kramer', '1980-04-15', '839272', 'm', '1-405-483-3215', 'P.O. Box 211, 7190 Mauris Av.', 'fringilla.est.mauris@outlook.couk', 1, 2, '2021-08-05', '01:22:10'),
(167, 'Kylynn Cunningham', 'Jena Allen', '1985-01-10', '3148', 'f', '(707) 470-5858', 'P.O. Box 480, 2901 Id St.', 'velit@outlook.ca', 1, 2, '2022-07-26', '08:01:28'),
(168, 'Raven Vance', 'Ferris Pierce', '1991-07-22', '3334', 'm', '(727) 765-2735', 'Ap #808-3576 Vestibulum Ave', 'dictum.eu.placerat@yahoo.com', 10, 7, '2022-11-07', '01:50:25'),
(169, 'Elizabeth Wynn', 'Hermione Thornton', '1983-09-01', '25165', 'm', '1-883-446-5278', 'Ap #869-9593 Tempus Rd.', 'elit.sed@icloud.com', 1, 8, '2022-09-30', '08:53:20'),
(170, 'Leilani Mercer', 'Kareem Mercer', '1990-10-28', '314458', 'f', '(224) 854-6145', 'Ap #367-2079 Dictum St.', 'sit.amet@yahoo.edu', 1, 1, '2022-12-30', '07:28:16'),
(171, 'Christian Evans', 'Damian Arnold', '1981-10-22', '361985', 'f', '(406) 638-4815', '298-985 Turpis Av.', 'donec.tempus@google.couk', 1, 2, '2021-07-29', '03:12:12'),
(172, 'Sawyer Franklin', 'Moses Moody', '1985-09-07', '6067', 'm', '(458) 663-1375', 'P.O. Box 671, 678 Et Avenue', 'enim@aol.couk', 8, 5, '2021-09-01', '11:55:09'),
(173, 'Roary Shannon', 'Grace Zamora', '1992-02-29', '88292-554', 'm', '1-592-782-5132', '487-6818 Aliquet St.', 'ut.nec@aol.com', 4, 7, '2023-01-11', '03:56:18'),
(174, 'Ann Dawson', 'Logan Shaw', '1992-03-16', '7544', 'm', '(236) 886-3788', 'P.O. Box 627, 7589 Ac Rd.', 'cum.sociis.natoque@icloud.couk', 7, 2, '2022-04-25', '03:21:52'),
(175, 'Zenaida Schultz', 'Ross Mullins', '1986-08-26', '36661', 'm', '(754) 162-7452', 'Ap #256-6661 Urna Rd.', 'integer.sem@protonmail.org', 5, 8, '2021-06-27', '01:07:57'),
(176, 'Yoshio Meadows', 'Wynne Edwards', '1982-03-15', '90266', 'f', '1-465-576-6626', 'Ap #622-432 Maecenas Av.', 'sapien.nunc.pulvinar@aol.couk', 5, 5, '2021-07-02', '04:46:52'),
(177, 'Bradley Bennett', 'Sonia Rowland', '1993-03-25', '5765', 'f', '1-277-965-1556', 'Ap #578-6004 Nunc Av.', 'suspendisse.tristique@aol.edu', 5, 9, '2021-07-19', '04:11:37'),
(178, 'Rylee Good', 'Harper Hancock', '1993-08-29', '25212', 'm', '1-431-855-3253', 'Ap #599-4352 Eu, Rd.', 'proin.ultrices.duis@yahoo.ca', 1, 3, '2021-06-18', '10:57:05'),
(179, 'Hollee Byrd', 'Paula Conway', '1994-09-07', '6115', 'm', '1-744-429-2872', '402-1215 Ad Ave', 'purus.duis.elementum@hotmail.couk', 3, 9, '2023-01-06', '11:26:34'),
(180, 'Salvador Weiss', 'Vance Nielsen', '1989-11-30', '46073', 'm', '1-748-131-4312', '204-6937 Pellentesque Avenue', 'eu.tellus@google.com', 8, 3, '2021-12-17', '01:28:25'),
(181, 'Rashad Garner', 'Vivien Ford', '1986-01-16', '628853', 'm', '(245) 141-0222', 'Ap #667-8079 Et, St.', 'a.malesuada@outlook.couk', 0, 6, '2023-01-10', '02:45:38'),
(182, 'Cailin Head', 'Kellie Diaz', '1991-11-07', '89-103', 'm', '1-251-902-5115', 'P.O. Box 926, 3616 Adipiscing Av.', 'tincidunt.tempus@google.org', 9, 9, '2022-03-07', '02:08:05'),
(183, 'Regan Wilcox', 'Hakeem Dawson', '1995-06-19', '35558', 'm', '(167) 812-7854', '790 Libero Rd.', 'mattis.cras@protonmail.ca', 5, 3, '2022-03-19', '06:34:21'),
(184, 'Raja Horn', 'Maxine Smith', '1985-10-08', 'Y8L 8T1', 'm', '1-558-365-9209', 'P.O. Box 286, 9948 Massa Road', 'consequat.auctor@protonmail.ca', 6, 5, '2022-05-02', '12:51:52'),
(185, 'Cameron Faulkner', 'Gregory Bell', '1987-07-30', '20411', 'f', '(656) 373-4195', 'Ap #388-7161 Convallis Rd.', 'posuere.at@hotmail.edu', 5, 9, '2022-08-13', '04:59:43'),
(186, 'Ayanna Noble', 'Haley Bernard', '1985-08-15', '18869', 'f', '1-934-129-2696', 'P.O. Box 948, 8213 Molestie Road', 'erat@protonmail.net', 2, 2, '2021-10-05', '09:06:59'),
(187, 'Lillian Horn', 'Guinevere Walter', '1980-11-26', '57739-73832', 'm', '1-305-973-3534', 'Ap #651-6694 Proin St.', 'dapibus.quam@google.org', 3, 2, '2022-08-11', '05:53:21'),
(188, 'Alisa Harrell', 'Peter Santos', '1995-11-01', '04611', 'f', '(256) 258-5764', '749-4347 Est Rd.', 'dictum@hotmail.couk', 1, 3, '2021-09-11', '03:25:18'),
(189, 'Gregory Montgomery', 'Fay Cabrera', '1993-10-07', '86-556', 'm', '1-515-278-2178', '163-4651 Tellus. St.', 'erat.vel.pede@icloud.ca', 7, 5, '2021-12-10', '12:32:33'),
(190, 'Kylan Mathews', 'Darryl Calderon', '1985-07-16', '41308', 'f', '(752) 841-5415', 'P.O. Box 669, 9617 Donec Av.', 'ligula@hotmail.com', 3, 4, '2022-03-26', '07:04:21'),
(191, 'Wyoming Russo', 'Norman Nash', '1988-05-30', '88328-382', 'm', '(982) 913-4934', '856-5519 Ridiculus Street', 'egestas.blandit@icloud.com', 8, 8, '2022-03-10', '04:42:55'),
(192, 'Carter Mccarty', 'Zachery Salas', '1991-10-28', '50513', 'f', '1-363-888-7226', '9939 Mattis Av.', 'dolor@protonmail.edu', 9, 8, '2023-01-02', '05:01:36'),
(193, 'Rama Mcmahon', 'Natalie Valdez', '1991-11-08', '42-727', 'f', '1-385-755-3488', 'Ap #109-8614 Phasellus Road', 'eget.varius@yahoo.couk', 10, 2, '2021-03-25', '04:07:51'),
(194, 'Brianna Clay', 'Hedley Harrell', '1980-05-31', '8612 IO', 'm', '(839) 271-6364', '2387 Eleifend St.', 'felis@icloud.couk', 8, 4, '2022-08-06', '07:01:03'),
(195, 'Dalton Huffman', 'Zachary Mercer', '1988-06-15', '52-141', 'f', '1-224-738-5215', 'P.O. Box 905, 6695 Molestie Avenue', 'arcu@hotmail.edu', 7, 3, '2022-12-29', '04:20:09'),
(196, 'Quintessa Jordan', 'Kitra Gutierrez', '1982-03-06', '4932', 'f', '1-838-107-3179', 'P.O. Box 235, 2587 Facilisis St.', 'enim@aol.net', 7, 4, '2022-09-21', '07:43:24'),
(197, 'Amir Berry', 'Yasir Fowler', '1981-11-23', '56175', 'm', '1-158-147-4485', '7212 Sed, Street', 'accumsan@google.net', 3, 2, '2023-01-11', '11:35:11'),
(198, 'Lareina Conway', 'Randall Wiley', '1986-03-17', '238346', 'f', '1-138-750-5282', 'Ap #937-3074 Scelerisque Ave', 'sed.malesuada.augue@yahoo.net', 3, 1, '2021-06-05', '10:20:04'),
(199, 'Fletcher Colon', 'Ray Maynard', '1993-07-19', '3209', 'm', '(416) 267-8312', 'Ap #363-6468 Nisi. Rd.', 'tristique.aliquet@protonmail.net', 1, 4, '2021-12-21', '07:16:44'),
(200, 'Gavin Greer', 'Karen Gentry', '1988-09-13', '40606', 'm', '1-844-823-6454', '588-7564 Orci Street', 'sed.pede.cum@outlook.org', 2, 6, '2021-03-29', '05:24:59'),
(201, 'Serena Hopkins', 'Fitzgerald Garner', '1993-01-25', '579442', 'm', '(781) 546-9859', '389-5391 Euismod Rd.', 'nascetur.ridiculus@outlook.org', 5, 3, '2022-04-12', '08:33:48'),
(202, 'Jermaine Acevedo', 'Ainsley Barnett', '1992-05-30', '81533', 'f', '(446) 412-4348', '913-840 Nullam Rd.', 'et.nunc.quisque@protonmail.org', 10, 8, '2021-05-26', '10:05:30'),
(203, 'Grace Kramer', 'Nina Leonard', '1996-01-25', '8191', 'f', '1-839-146-6786', 'Ap #699-1974 Parturient St.', 'vel.arcu.eu@outlook.com', 3, 9, '2022-09-07', '10:53:42'),
(204, 'Merrill Burgess', 'Jena Kemp', '1988-08-01', '415492', 'f', '(516) 777-3232', 'Ap #637-9058 Urna Av.', 'aliquam.auctor.velit@outlook.org', 4, 2, '2023-02-25', '02:08:53'),
(205, 'Erich Roberts', 'Jael Fitzgerald', '1984-05-30', '4441', 'm', '1-254-915-6085', '6451 Maecenas St.', 'ornare@protonmail.org', 6, 7, '2022-07-11', '03:59:25'),
(206, 'Harlan Edwards', 'Cheryl Mejia', '1989-09-27', '3365 DN', 'f', '(191) 490-0423', 'P.O. Box 197, 8113 Aliquet, Street', 'dui.semper@google.org', 2, 9, '2021-06-29', '07:47:07'),
(207, 'Evan Horne', 'Murphy Deleon', '1981-05-26', '453788', 'm', '1-269-448-1919', 'Ap #876-5716 Ipsum. Road', 'suspendisse@yahoo.net', 7, 8, '2021-11-29', '10:52:44'),
(208, 'Christopher Hobbs', 'Aurora Vega', '1988-05-06', '58561', 'f', '1-390-467-4916', 'Ap #383-954 Sem, Rd.', 'mi.lorem@yahoo.ca', 3, 9, '2021-06-17', '04:38:43'),
(209, 'Lillian Willis', 'Wylie Reeves', '1983-02-06', '5227', 'm', '1-500-211-6495', '5896 Nulla Av.', 'vitae.nibh@protonmail.net', 4, 7, '2022-04-11', '10:09:29'),
(210, 'Donovan Reyes', 'Maisie Chambers', '1994-12-16', '18948', 'f', '(189) 195-8686', 'Ap #514-5532 Gravida Rd.', 'suspendisse.aliquet@hotmail.com', 7, 8, '2021-10-30', '12:37:34'),
(211, 'Dennis Mcconnell', 'Bevis Boone', '1995-07-17', '2103', 'f', '1-754-332-9686', 'Ap #392-6173 Nec, Ave', 'dapibus.ligula@hotmail.org', 8, 8, '2022-12-30', '10:58:06'),
(212, 'Gannon Phillips', 'Hayes Bernard', '1991-08-15', 'VZ8U 2FQ', 'm', '1-928-665-7831', 'Ap #815-6301 Pharetra, Rd.', 'eget@icloud.ca', 0, 5, '2021-05-29', '04:03:11'),
(213, 'Hyatt Sawyer', 'Wyatt Johns', '1989-12-05', '64-87', 'f', '(748) 808-7392', '341-7622 Nulla Av.', 'dolor.vitae.dolor@icloud.edu', 3, 2, '2022-04-14', '08:49:50'),
(214, 'Lois Gentry', 'Gareth Pacheco', '1987-06-10', '25693', 'f', '1-621-429-8684', '752-897 Risus. Ave', 'ante.iaculis@hotmail.couk', 9, 8, '2022-11-23', '05:24:15'),
(215, 'Germaine Contreras', 'Galena Henson', '1982-03-05', '7962', 'm', '(823) 984-2324', 'Ap #123-986 Justo Avenue', 'in.consequat@google.couk', 8, 2, '2022-01-18', '10:15:30'),
(216, 'Igor Langley', 'Gil Gutierrez', '1986-10-01', '534871', 'f', '(307) 591-7901', 'Ap #117-8515 Aliquam St.', 'sed.turpis.nec@google.couk', 1, 1, '2022-02-21', '07:44:14'),
(217, 'Salvador Hansen', 'Zephania Durham', '1984-02-15', '62484', 'm', '1-369-819-5581', '875-2430 Nisi. Ave', 'magna.a@protonmail.com', 7, 4, '2022-11-16', '03:16:13'),
(218, 'Quyn Larson', 'Clio Zamora', '1987-04-06', '20409', 'f', '(416) 712-1486', '825-2600 Eu Road', 'quis.lectus.nullam@yahoo.edu', 8, 7, '2022-12-07', '01:01:00'),
(219, 'Jaden Chang', 'Zelenia Villarreal', '1982-08-24', '2614', 'm', '1-135-437-1134', 'P.O. Box 704, 6451 Quisque Av.', 'lorem.semper@yahoo.net', 6, 6, '2021-07-17', '01:02:34'),
(220, 'Addison Pate', 'Tatyana Wyatt', '1980-05-05', '21472', 'f', '1-786-437-4776', '117-2025 Placerat. St.', 'integer.mollis@google.com', 8, 5, '2022-04-29', '11:13:25'),
(221, 'Nora Pittman', 'Quin Keith', '1988-11-09', '15233', 'm', '1-546-289-8702', 'Ap #618-5576 Tortor Road', 'fusce.aliquam.enim@protonmail.com', 4, 9, '2021-06-16', '09:56:02'),
(222, 'Gregory Mcconnell', 'Cooper Hughes', '1986-09-17', '1278', 'm', '1-784-855-5941', 'Ap #709-9351 Suscipit, Av.', 'leo.cras.vehicula@google.couk', 3, 8, '2022-01-03', '11:11:41'),
(223, 'Winifred Burris', 'Barry Bonner', '1982-07-15', '27192', 'f', '(828) 320-1747', '826-8608 Massa Street', 'mi.tempor@hotmail.com', 4, 3, '2021-05-17', '03:33:02'),
(224, 'Colton Montgomery', 'Jarrod Ochoa', '1994-03-31', '185812', 'f', '(876) 643-7362', 'P.O. Box 520, 6506 Libero St.', 'magna.nam.ligula@icloud.com', 2, 10, '2023-02-13', '09:34:35'),
(225, 'Moses Hester', 'Gavin Stanton', '1994-10-21', '14832-922', 'f', '1-437-954-2387', '150 Vitae, Ave', 'nunc.mauris@icloud.ca', 3, 3, '2021-03-31', '05:48:08'),
(226, 'Megan Vazquez', 'MacKenzie Hopper', '1988-04-05', '49022', 'm', '1-597-263-1166', '445-8617 Mauris Avenue', 'arcu@yahoo.edu', 7, 1, '2022-01-09', '09:45:22'),
(227, 'Phillip Huber', 'Karyn Collins', '1986-07-17', '31575-51639', 'f', '(519) 852-8888', '224 Suspendisse Av.', 'lacus.cras.interdum@protonmail.couk', 1, 4, '2021-08-10', '09:19:21'),
(228, 'Barclay Blake', 'Josiah Henson', '1982-03-01', '633970', 'f', '1-579-756-6016', 'Ap #759-4589 Orci, Rd.', 'enim.sed.nulla@protonmail.com', 7, 4, '2021-05-24', '12:56:02'),
(229, 'Hayley Mercado', 'Colorado Manning', '1987-05-22', '3554', 'm', '1-944-255-6996', 'Ap #154-6359 Integer St.', 'dapibus.id@aol.org', 8, 6, '2023-02-26', '04:45:34'),
(230, 'Francis Barr', 'Stacey Whitney', '1992-08-17', '896433', 'f', '(484) 463-7667', '908-8421 Netus Street', 'nascetur.ridiculus.mus@aol.com', 6, 6, '2022-05-14', '02:15:25'),
(231, 'Francis Patel', 'Madeline Page', '1993-06-09', '55466', 'f', '1-945-388-3167', '477-5232 Egestas Av.', 'sed.sapien@yahoo.ca', 8, 2, '2022-12-30', '11:37:09'),
(232, 'Reese Koch', 'Karen Hammond', '1992-08-19', '21475', 'f', '(598) 491-3383', 'Ap #742-9721 Aenean Ave', 'iaculis.odio@aol.org', 7, 4, '2022-05-10', '12:08:00'),
(233, 'Ursula Le', 'Jorden Farmer', '1983-12-07', '775585', 'f', '1-345-642-0661', 'P.O. Box 370, 7393 Porttitor Avenue', 'magnis.dis@aol.edu', 9, 9, '2022-06-30', '10:33:38'),
(234, 'Galena Rosa', 'Yoshio Cameron', '1982-08-13', '563842', 'm', '(275) 833-8707', 'P.O. Box 899, 4398 Est St.', 'cursus.et@protonmail.ca', 2, 6, '2021-07-19', '04:24:32'),
(235, 'Colton Leon', 'Rina Howard', '1991-01-12', '95277', 'm', '(745) 965-2761', '299-3212 Sem, Ave', 'sed.nec@yahoo.net', 5, 4, '2023-01-17', '11:28:19'),
(236, 'Sydney Adkins', 'Philip Woodard', '1988-04-06', '618344', 'm', '1-666-127-1913', '685-7471 Magnis St.', 'libero.donec@protonmail.org', 10, 5, '2022-06-09', '10:02:35'),
(237, 'Kyra Clements', 'Vera Todd', '1988-11-28', '331257', 'f', '1-624-162-2862', '419-1973 Egestas. St.', 'eu.elit@hotmail.ca', 1, 2, '2021-03-19', '11:54:57'),
(238, 'Vernon Jenkins', 'Dane Reese', '1990-02-12', '3912', 'f', '1-448-237-4768', '1202 Nulla Rd.', 'purus.accumsan@outlook.org', 9, 6, '2022-01-04', '05:37:59'),
(239, 'Rylee Fleming', 'Gil Christian', '1989-09-03', '41416', 'f', '(388) 491-6491', '175-2429 Et Rd.', 'morbi.non.sapien@hotmail.edu', 9, 8, '2021-10-07', '03:15:00'),
(240, 'Herman Wiggins', 'Sarah Beck', '1988-03-07', '263908', 'm', '(441) 460-6352', '479-5386 Nam St.', 'felis@icloud.edu', 6, 7, '2021-04-02', '11:20:00'),
(241, 'Jennifer Sanders', 'Kelly Herring', '1994-04-02', '14023', 'f', '1-440-162-1816', '126-3243 Egestas Street', 'ornare.lectus@outlook.ca', 6, 6, '2021-04-16', '06:40:42'),
(242, 'Aquila Melton', 'Uta Davidson', '1989-04-07', 'R9 2UW', 'f', '1-268-474-1155', 'P.O. Box 709, 674 Enim. Av.', 'eu.augue@outlook.org', 8, 3, '2022-05-05', '11:58:13'),
(243, 'Ferris Leonard', 'Zeph Crosby', '1986-01-22', '747745', 'f', '(376) 733-4161', 'Ap #948-1121 Aenean Av.', 'sed@outlook.org', 3, 4, '2021-07-16', '09:15:51'),
(244, 'Molly Graham', 'Steel Shaw', '1996-01-15', '323948', 'm', '1-435-251-3772', 'Ap #695-2189 Morbi Rd.', 'curabitur@icloud.net', 0, 9, '2021-04-24', '09:41:59'),
(245, 'Aladdin Swanson', 'Ciaran Gaines', '1994-09-16', '588786', 'f', '(405) 761-3132', '6534 Tempus Street', 'sit.amet@protonmail.ca', 5, 6, '2021-07-31', '10:23:37'),
(246, 'Keelie Bartlett', 'Halla Mclean', '1980-06-26', '32473', 'm', '(428) 304-8305', 'Ap #387-3471 Nam Avenue', 'arcu.vestibulum@icloud.com', 5, 9, '2021-07-31', '03:58:40'),
(247, 'Uriah Everett', 'Willa Valentine', '1988-05-05', '40717', 'f', '(965) 175-6061', 'Ap #271-6546 Enim Ave', 'donec.dignissim@protonmail.edu', 3, 3, '2022-12-14', '06:27:23'),
(248, 'Amos Beasley', 'Anjolie Harding', '1994-05-03', '9852', 'm', '1-879-514-2753', '471-2983 Mauris Av.', 'lobortis.tellus@outlook.com', 7, 5, '2021-06-16', '08:47:28'),
(249, 'Suki Lane', 'Tad Munoz', '1988-02-10', '25518', 'f', '1-284-841-8784', '5304 Id, Av.', 'mi.tempor.lorem@hotmail.net', 5, 3, '2022-09-29', '04:22:58'),
(250, 'Ima Mueller', 'Garth Gonzalez', '1983-12-20', '301444', 'f', '(771) 278-7471', '881-1031 Ullamcorper Ave', 'faucibus.id@protonmail.com', 7, 6, '2023-03-09', '01:55:44'),
(251, 'Wing Mendoza', 'Channing Copeland', '1987-04-26', '3855', 'm', '(226) 548-2227', 'P.O. Box 509, 6648 Imperdiet, Rd.', 'vitae.mauris@protonmail.edu', 0, 1, '2021-11-14', '12:36:16'),
(252, 'Kaseem Jacobs', 'Gabriel Blackburn', '1983-12-19', '525352', 'f', '(683) 875-7872', '450-4103 Natoque Rd.', 'aliquet.diam@hotmail.couk', 3, 2, '2023-01-14', '06:45:49'),
(253, 'Kaye Hoffman', 'Marah Mcintosh', '1985-02-21', '546235', 'f', '1-126-960-7833', '1462 Quisque Road', 'arcu@google.com', 4, 8, '2022-09-07', '11:16:48'),
(254, 'Colorado Sherman', 'Graham Rice', '1988-10-11', '59131', 'f', '1-912-221-8522', '805-4694 Non, St.', 'proin.mi@yahoo.edu', 5, 10, '2022-02-19', '05:42:09'),
(255, 'Jameson Swanson', 'Jin Brown', '1980-06-29', '20662', 'f', '(668) 326-4955', 'Ap #326-9677 Blandit Av.', 'egestas@outlook.org', 3, 7, '2022-05-13', '10:53:53'),
(256, 'Winter Skinner', 'Bert Blackburn', '1981-06-18', '7333-6195', 'f', '(625) 243-4948', '579-6221 Orci. Avenue', 'vivamus.molestie.dapibus@google.org', 7, 6, '2023-01-20', '01:10:42'),
(257, 'Gareth Brady', 'Kiara Duncan', '1990-08-29', '986897', 'f', '(987) 589-8436', 'Ap #411-3649 Eu, St.', 'praesent.luctus@outlook.edu', 10, 7, '2021-09-30', '12:55:47'),
(258, 'Britanni Sexton', 'Eugenia Day', '1982-11-02', 'O4 1FU', 'f', '(374) 212-2133', '338-1233 Sapien, Av.', 'maecenas.ornare.egestas@protonmail.edu', 7, 6, '2022-09-18', '12:49:24'),
(259, 'Melinda Duke', 'Macon Glass', '1993-09-06', '27649', 'f', '(825) 406-7935', '383-9144 Elementum Av.', 'egestas@outlook.couk', 7, 7, '2022-09-25', '06:44:48'),
(260, 'Kristen Herman', 'Luke Hooper', '1992-02-09', '8766', 'm', '(713) 276-9517', 'Ap #409-890 Sed, St.', 'urna.ut@yahoo.org', 1, 1, '2021-10-06', '02:32:41'),
(261, 'Murphy Ball', 'Kaseem Silva', '1982-07-02', '22856', 'f', '(950) 805-1692', '8008 Nisl Street', 'eget.venenatis.a@outlook.net', 7, 2, '2021-07-29', '07:48:39'),
(262, 'Zephania Greene', 'Tamara Hardy', '1990-06-07', '16871', 'm', '1-546-339-5468', 'Ap #858-3489 A, Rd.', 'eget.lacus@aol.edu', 1, 4, '2022-08-21', '10:34:07'),
(263, 'Delilah Noble', 'Quamar Bradshaw', '1994-12-29', '4154-3074', 'm', '1-762-573-2135', 'Ap #105-8304 Mauris Road', 'euismod.est@aol.org', 1, 7, '2022-01-16', '07:08:47'),
(264, 'Nathan Odom', 'Keane Jarvis', '1990-06-09', '4475', 'm', '(685) 698-5871', 'Ap #958-4463 Mollis. Rd.', 'blandit.viverra.donec@aol.org', 6, 10, '2023-01-18', '11:01:44'),
(265, 'Eve Lewis', 'Farrah Brock', '1985-03-14', '17L 4X2', 'm', '1-438-545-9231', '708-1442 Sit Rd.', 'pede@hotmail.edu', 3, 9, '2022-02-02', '04:11:53'),
(266, 'Kaye Shepherd', 'Aphrodite Juarez', '1984-01-11', '6925', 'f', '(668) 276-1331', 'P.O. Box 742, 2756 Sed St.', 'integer.vitae.nibh@google.edu', 4, 9, '2022-01-20', '01:33:43'),
(267, 'Olga Randall', 'Clark Sheppard', '1995-06-29', '1369', 'f', '1-865-586-1681', 'Ap #459-3287 Cursus Road', 'nec.mauris@icloud.ca', 10, 9, '2022-01-18', '07:06:34'),
(268, 'Lilah Romero', 'Kathleen Roy', '1991-08-13', '73858', 'm', '(433) 556-5821', '428-2245 Donec Av.', 'suspendisse.aliquet@aol.edu', 3, 6, '2022-08-05', '02:48:29'),
(269, 'Nigel Ortiz', 'Fay Irwin', '1994-03-13', '03322', 'm', '(826) 917-6512', 'P.O. Box 185, 9732 Sed St.', 'eget.volutpat.ornare@outlook.org', 1, 9, '2022-01-10', '08:18:04'),
(270, 'Elizabeth Osborne', 'Todd Phelps', '1985-07-17', '63417', 'f', '(840) 678-6767', '153-9967 Sed, Rd.', 'accumsan.neque@icloud.net', 3, 8, '2022-10-17', '03:47:31'),
(271, 'Fitzgerald Estes', 'Cara Howell', '1989-09-01', '73419', 'f', '(241) 673-1464', '583-6001 Faucibus Rd.', 'ut.ipsum@icloud.org', 1, 8, '2021-08-29', '05:56:16'),
(272, 'Chastity Phillips', 'Buckminster Mccullough', '1990-08-21', '8086', 'f', '(870) 181-4306', '4262 Molestie Road', 'luctus.curabitur@google.org', 6, 7, '2021-03-31', '04:35:52'),
(273, 'Leonard Sargent', 'Burton Snyder', '1994-01-01', '57682-57782', 'm', '1-268-738-6267', 'Ap #981-1699 Suspendisse Street', 'sit.amet@outlook.ca', 5, 5, '2022-01-27', '02:47:52'),
(274, 'Madeson Winters', 'Bradley Baker', '1992-04-16', '2904', 'm', '(460) 340-1284', 'Ap #531-7697 Tincidunt. Avenue', 'blandit.viverra@icloud.net', 8, 2, '2022-01-20', '04:43:04'),
(275, 'Garrison Pugh', 'Preston Hatfield', '1986-02-23', '37293', 'm', '1-219-317-5858', '654-3758 Nulla Street', 'amet.consectetuer.adipiscing@yahoo.com', 7, 9, '2021-11-09', '04:19:38'),
(276, 'Priscilla Murphy', 'Len Edwards', '1990-05-07', '52184-441', 'f', '1-851-375-3512', '674-8721 Proin St.', 'accumsan@yahoo.couk', 9, 1, '2021-09-11', '10:49:46'),
(277, 'Cain Jacobs', 'Erich West', '1986-04-22', '3166', 'm', '1-370-165-2151', 'Ap #794-4169 Neque Rd.', 'nec.orci.donec@aol.org', 3, 10, '2021-10-31', '12:14:17'),
(278, 'Walter Bradford', 'Steven Talley', '1994-12-28', '44287', 'm', '(833) 677-9661', 'P.O. Box 256, 4578 Dis St.', 'ante@outlook.couk', 3, 9, '2021-07-13', '12:15:38'),
(279, 'Igor Dorsey', 'Kuame Gay', '1980-10-15', '641026', 'f', '1-877-758-5546', '305-2202 Sed Ave', 'sed.congue.elit@protonmail.couk', 5, 5, '2023-01-01', '02:53:46'),
(280, 'Trevor Sweeney', 'Tanek Carr', '1984-11-28', '623078', 'm', '1-352-382-1742', 'P.O. Box 481, 3112 Nam Av.', 'commodo.at@google.edu', 4, 4, '2021-08-10', '01:07:45'),
(281, 'Otto Alvarez', 'Armando Mendez', '1985-11-01', '7457', 'm', '(866) 623-2848', '1158 Cursus Street', 'mi@hotmail.net', 2, 5, '2021-04-20', '06:11:08'),
(282, 'Garrett Whitney', 'Hedwig Stafford', '1983-04-15', '563368', 'm', '(880) 381-1763', '609-5169 Praesent Road', 'eu.neque@outlook.edu', 4, 8, '2021-05-20', '08:31:07'),
(283, 'Arden Hudson', 'Kalia Buck', '1985-03-20', 'G6U 1MU', 'm', '(787) 865-9319', '790-2072 Ligula. St.', 'ut.ipsum@protonmail.edu', 8, 6, '2022-08-21', '01:39:16'),
(284, 'Tashya Hatfield', 'Sade Gilliam', '1987-02-14', '35832', 'f', '1-738-341-2804', '4787 Sociis Road', 'pharetra@aol.ca', 9, 3, '2022-09-11', '12:34:51'),
(285, 'Alvin Ray', 'Ryan Beck', '1993-05-26', '5298', 'f', '1-352-577-8994', 'Ap #259-8923 Fames Av.', 'mi.felis@yahoo.org', 1, 6, '2021-10-07', '06:45:45'),
(286, 'Nina Vazquez', 'Thaddeus Goodman', '1985-09-06', '12453', 'm', '(982) 118-5762', 'P.O. Box 936, 2683 Placerat Road', 'magna.sed@aol.net', 3, 9, '2021-08-04', '11:40:15'),
(287, 'Jared Walker', 'Nathan Valencia', '1984-12-06', '35190', 'f', '(103) 577-7217', 'Ap #735-1227 Metus St.', 'sodales@icloud.com', 7, 9, '2023-02-02', '11:09:38'),
(288, 'Rinah Fischer', 'Emma Sexton', '1990-10-14', '7341 QG', 'm', '(284) 241-7356', '445-3777 Luctus St.', 'quis.tristique@icloud.net', 9, 7, '2022-05-21', '06:23:28'),
(289, 'Tanner Boyd', 'Seth Shannon', '1985-11-17', '822166', 'f', '(315) 357-9576', '290-1862 Diam St.', 'sit@aol.edu', 4, 2, '2022-06-24', '01:26:30'),
(290, 'Gail Mason', 'Madeline Collins', '1984-12-16', '722397', 'm', '1-247-302-9846', 'Ap #696-1788 Odio. Ave', 'tincidunt.orci@yahoo.org', 5, 1, '2022-02-13', '09:26:18'),
(291, 'Colton Whitney', 'Yasir Dotson', '1994-04-11', '5432 DB', 'm', '1-744-768-0767', '568 Elit, St.', 'penatibus.et.magnis@protonmail.com', 6, 3, '2022-03-16', '08:56:15'),
(292, 'Orson Russo', 'Derek Gallegos', '1986-09-19', '216114', 'f', '1-116-873-6653', 'P.O. Box 561, 2151 Risus. Street', 'magna.duis@protonmail.com', 3, 7, '2023-02-26', '03:39:53');
INSERT INTO `reservation` (`id`, `nom`, `prenom`, `dateNaissance`, `cin`, `sexe`, `numero`, `adresse`, `email`, `idCentre`, `idVaccin`, `date`, `heure`) VALUES
(293, 'Patrick Francis', 'Baxter Hutchinson', '1993-06-04', '684879', 'm', '(825) 473-6593', 'Ap #403-677 Nam Street', 'nisi.cum@yahoo.couk', 2, 7, '2021-08-03', '12:36:48'),
(294, 'Jin Justice', 'Adam Benton', '1991-08-06', '48-666', 'm', '(517) 632-4415', '6095 Ante Avenue', 'sapien@yahoo.org', 7, 5, '2022-09-28', '12:32:32'),
(295, 'Uriel Blankenship', 'Germaine Browning', '1994-04-30', '72145', 'm', '(175) 572-7630', '422-7607 Sed Ave', 'vel@google.edu', 9, 10, '2022-12-09', '05:39:25'),
(296, 'Paki Miller', 'Brenda Spencer', '1987-11-22', 'XF1 2RD', 'f', '1-153-327-4386', '5227 Mauris St.', 'adipiscing@icloud.edu', 9, 6, '2022-06-06', '01:39:09'),
(297, 'Anika Fitzpatrick', 'Tatiana Park', '1992-01-18', '14158', 'f', '(357) 923-6399', 'Ap #531-8538 Cursus Rd.', 'lacus@yahoo.com', 4, 5, '2023-02-09', '01:39:59'),
(298, 'Hayes Shields', 'Preston Middleton', '1989-08-08', '813838', 'm', '(393) 421-9037', '3315 At, St.', 'arcu.ac.orci@google.com', 6, 3, '2022-03-24', '06:05:50'),
(299, 'Gregory Mckenzie', 'Priscilla Ryan', '1984-03-07', '44584', 'f', '(383) 971-2046', 'Ap #959-9598 Placerat Road', 'id.libero@icloud.couk', 1, 7, '2023-02-11', '06:50:23'),
(300, 'Jasmine Irwin', 'Genevieve Miller', '1982-05-10', '8380', 'f', '1-885-388-8143', 'P.O. Box 274, 2573 Magna. Rd.', 'amet.lorem@outlook.com', 3, 9, '2022-05-17', '09:26:07'),
(301, 'James Colon', 'Chadwick Mooney', '1981-01-23', '4356 FV', 'm', '1-424-271-4787', '553-1059 Nulla Street', 'porttitor.interdum@hotmail.edu', 6, 6, '2023-03-04', '11:28:07'),
(302, 'Lyle Witt', 'Anthony Martin', '1981-04-06', '7719', 'm', '1-251-959-6296', 'P.O. Box 574, 5132 Cras Avenue', 'parturient.montes.nascetur@outlook.couk', 7, 2, '2021-12-24', '08:26:14'),
(303, 'Lamar Hardin', 'Tatiana Ballard', '1991-09-22', '3644', 'm', '(211) 322-5638', 'Ap #480-9895 Pede Avenue', 'feugiat.nec@google.com', 8, 2, '2022-03-19', '06:59:05'),
(304, 'Giacomo Montgomery', 'Lynn Moran', '1984-02-21', '423872', 'm', '(314) 582-1121', '9692 Nulla Avenue', 'porttitor.interdum@protonmail.org', 3, 3, '2021-09-09', '09:03:05'),
(305, 'Martha Newton', 'Charlotte Hess', '1989-04-12', '63631', 'f', '1-852-768-9548', 'P.O. Box 273, 9315 Duis Av.', 'suscipit.est@protonmail.net', 8, 4, '2021-09-17', '01:05:25'),
(306, 'Allegra Sweeney', 'Nora Sanchez', '1995-01-05', '2596', 'm', '1-646-565-8895', 'Ap #895-5126 Non, Av.', 'lacus.varius@yahoo.org', 9, 9, '2021-05-11', '10:54:59'),
(307, 'Kelsie Pope', 'Boris Keller', '1983-03-10', '24447', 'f', '(271) 861-5753', 'Ap #883-5472 Pede Street', 'dolor.egestas@icloud.net', 2, 2, '2022-05-23', '10:40:50'),
(308, 'Stuart Moran', 'Keelie Hodges', '1991-12-11', '46-113', 'f', '(267) 447-3167', '255-9854 Magna. Rd.', 'aliquam.nec@yahoo.couk', 8, 7, '2022-06-11', '07:07:17'),
(309, 'MacKenzie Compton', 'Dennis Valencia', '1994-10-14', '33215', 'f', '1-384-875-3556', 'Ap #711-3483 Cras Av.', 'scelerisque.scelerisque@aol.edu', 9, 9, '2022-01-27', '08:13:15'),
(310, 'Yvonne Kirkland', 'Miranda Cobb', '1981-04-20', '7748', 'm', '(687) 235-6726', 'P.O. Box 864, 8476 Vestibulum St.', 'ridiculus.mus@google.com', 1, 6, '2021-10-12', '10:12:23'),
(311, 'Blythe Gentry', 'Xavier Britt', '1992-09-02', '968078', 'f', '(968) 391-9784', 'P.O. Box 186, 8795 Molestie Street', 'mauris.magna@protonmail.org', 3, 7, '2021-05-15', '12:13:27'),
(312, 'Austin Wheeler', 'Adena Haley', '1983-04-10', '53577', 'm', '(329) 758-6724', 'Ap #255-772 Mauris, Rd.', 'a.enim.suspendisse@outlook.org', 1, 8, '2021-12-23', '07:56:23'),
(313, 'Barrett Cortez', 'Stephen Chandler', '1983-10-10', '07495', 'f', '1-354-597-7868', '4348 Semper Road', 'bibendum.sed.est@hotmail.edu', 2, 7, '2021-09-07', '10:41:10'),
(314, 'Kim Gilbert', 'Shoshana Crosby', '1994-05-26', '95704', 'f', '(673) 403-7345', 'P.O. Box 160, 8941 Elementum St.', 'pede.cum.sociis@google.org', 7, 2, '2022-08-15', '02:56:06'),
(315, 'Indira York', 'Honorato Bray', '1994-09-22', '685587', 'm', '(526) 389-3778', 'Ap #268-104 Suspendisse Road', 'non@google.ca', 6, 6, '2021-04-08', '07:08:59'),
(316, 'Forrest Goodwin', 'Lars Parks', '1981-06-18', '6861', 'f', '(808) 713-4783', 'Ap #169-9450 Gravida Rd.', 'cursus@yahoo.org', 9, 8, '2021-07-15', '11:29:02'),
(317, 'Anastasia Hendrix', 'Craig Cohen', '1992-12-09', '17800', 'f', '1-170-471-1375', 'P.O. Box 238, 7216 Dolor Rd.', 'semper.rutrum@google.org', 3, 5, '2021-04-26', '07:01:07'),
(318, 'Dominique Gonzales', 'Preston Jacobs', '1980-12-13', '77808', 'm', '(976) 735-0439', '758-601 Dui, St.', 'parturient.montes@yahoo.couk', 4, 5, '2021-07-26', '05:15:47'),
(319, 'Maia Chang', 'Imelda Weiss', '1995-10-20', '47543', 'm', '1-555-408-4461', 'Ap #801-4699 Eget Rd.', 'eleifend.nunc.risus@icloud.edu', 8, 8, '2022-11-29', '04:32:46'),
(320, 'Josiah Hensley', 'Cruz Aguirre', '1986-11-17', '2605', 'f', '(972) 261-5875', 'Ap #175-9907 Vestibulum Ave', 'proin.eget.odio@aol.net', 6, 9, '2021-09-23', '03:24:40'),
(321, 'Aquila Taylor', 'Rogan Beard', '1989-12-26', 'Z9 1IT', 'f', '(886) 317-5122', 'Ap #183-7007 In St.', 'non.nisi.aenean@aol.couk', 1, 2, '2022-01-15', '10:11:16'),
(322, 'Piper Mccarthy', 'Christopher French', '1982-03-13', '535361', 'f', '(371) 843-1888', 'Ap #163-6229 Amet, Ave', 'enim.mi@google.edu', 3, 7, '2022-10-30', '03:55:09'),
(323, 'Joan Tyler', 'Hilel Peters', '1983-09-05', 'NX13 8SX', 'f', '1-876-514-8452', 'P.O. Box 328, 7084 Nunc Av.', 'orci.donec@yahoo.org', 4, 7, '2022-01-17', '04:23:21'),
(324, 'Josiah Craft', 'Alec Sutton', '1993-09-26', '66619', 'm', '(682) 305-3394', 'P.O. Box 586, 4532 Tincidunt Av.', 'eleifend.cras.sed@icloud.net', 5, 4, '2021-09-13', '08:39:28'),
(325, 'Wyatt Robinson', 'Amanda Andrews', '1982-07-11', '5526', 'f', '1-352-472-9482', '2190 Congue. Avenue', 'dolor.fusce@protonmail.org', 2, 3, '2022-05-01', '03:33:47'),
(326, 'Elaine Romero', 'Leah Hutchinson', '1983-12-14', '6393-3333', 'm', '1-134-237-3384', 'Ap #268-7620 Mi Rd.', 'risus@aol.ca', 8, 5, '2021-12-22', '02:49:51'),
(327, 'Ignatius Huber', 'Vernon Norris', '1983-02-28', '7971-4645', 'f', '1-499-724-8582', 'Ap #847-9996 Libero Road', 'sit.amet@hotmail.edu', 1, 9, '2022-01-12', '01:26:46'),
(328, 'Dale Bell', 'Vladimir Bentley', '1981-05-24', '2232', 'f', '(797) 638-9747', 'Ap #789-2290 Vivamus Rd.', 'sed@hotmail.edu', 3, 1, '2023-02-22', '09:09:01'),
(329, 'Nevada Orr', 'Lane Yates', '1990-01-01', '63841-91142', 'm', '(384) 482-4576', 'P.O. Box 366, 9395 At Ave', 'mauris.erat@outlook.ca', 8, 9, '2021-12-05', '12:26:38'),
(330, 'Camille Cox', 'Orla Morales', '1990-01-22', '27340', 'm', '1-441-406-5684', '916-8951 Nam Road', 'suscipit.nonummy@google.net', 5, 9, '2023-02-25', '08:46:23'),
(331, 'Sean Adams', 'Odette Montgomery', '1993-09-17', '21634', 'm', '1-127-624-1486', '467-8680 Cursus Street', 'aliquam.iaculis@aol.org', 9, 10, '2022-01-12', '01:45:57'),
(332, 'Caldwell Schultz', 'Dexter Martin', '1980-11-15', '328747', 'm', '1-336-615-3886', '718-8588 Aenean Ave', 'mauris.sagittis.placerat@protonmail.org', 1, 10, '2022-04-04', '02:05:28'),
(333, 'Hammett Beck', 'Alice Mcgee', '1993-02-13', '8174', 'f', '1-864-649-3393', '741-2856 Magna Road', 'ut.sagittis@aol.edu', 4, 8, '2022-11-13', '05:03:37'),
(334, 'Demetria Allison', 'Blythe Cardenas', '1987-04-01', '8388 NN', 'm', '1-662-762-2610', '4819 Iaculis Rd.', 'dolor.egestas@aol.edu', 3, 1, '2022-10-08', '04:09:48'),
(335, 'Zenaida Hatfield', 'Connor Davis', '1988-05-10', '154252', 'f', '(460) 356-3551', 'P.O. Box 104, 1681 Faucibus Rd.', 'suspendisse.sagittis.nullam@yahoo.com', 3, 10, '2021-09-25', '06:50:03'),
(336, 'Eagan Kirk', 'Nell Jordan', '1984-12-16', '237131', 'f', '(467) 367-2582', '809-4180 Dignissim. Road', 'id.erat.etiam@google.couk', 7, 8, '2022-01-02', '12:11:38'),
(337, 'Alyssa Hunt', 'Destiny Greene', '1980-10-18', '5265', 'f', '(284) 284-8651', '426-6498 Sed Rd.', 'taciti.sociosqu@protonmail.net', 7, 9, '2021-12-11', '11:26:44'),
(338, 'Fritz Hopper', 'Dean Lane', '1988-11-04', '88626-588', 'f', '(797) 555-5458', '343-1522 Quis, Road', 'ac.orci.ut@hotmail.net', 9, 1, '2022-10-16', '05:49:30'),
(339, 'Hanna Henry', 'Ifeoma Berger', '1987-04-15', '300133', 'm', '(274) 100-2882', 'Ap #423-3233 Ornare St.', 'ullamcorper.eu@protonmail.com', 2, 5, '2021-04-06', '08:53:03'),
(340, 'Rowan Hunter', 'Britanney Moore', '1995-01-19', '33076', 'm', '(333) 836-0276', '6521 Sit Rd.', 'vulputate.risus.a@yahoo.couk', 7, 8, '2022-08-11', '12:23:40'),
(341, 'Kennedy Sweet', 'Brendan Mcgee', '1994-02-09', '84401', 'f', '1-361-602-1280', '601-688 Velit Road', 'arcu@aol.com', 8, 4, '2021-11-08', '12:33:53'),
(342, 'Darryl Bartlett', 'Jeremy Shields', '1989-09-24', '8204', 'm', '(326) 957-5176', 'P.O. Box 202, 2413 Rutrum. Street', 'montes@protonmail.couk', 1, 9, '2021-11-15', '05:33:25'),
(343, 'Myra Oneil', 'Jane Blair', '1991-05-12', '445924', 'm', '(672) 335-5272', 'Ap #873-4749 Consequat Street', 'elit.pharetra@hotmail.ca', 3, 10, '2022-02-25', '12:09:37'),
(344, 'Riley Howell', 'Leonard Glass', '1989-06-14', '750113', 'f', '(115) 522-0288', '7985 Metus Av.', 'cursus.purus@icloud.couk', 2, 9, '2022-08-06', '07:47:09'),
(345, 'Valentine Poole', 'Lenore Matthews', '1993-09-04', '624238', 'f', '1-660-973-7714', 'Ap #157-9435 Sapien, Av.', 'tristique.neque@icloud.edu', 2, 2, '2022-05-24', '08:18:51'),
(346, 'Ayanna Parker', 'Preston Craft', '1995-03-20', '639825', 'f', '1-225-874-9795', 'Ap #646-2205 Facilisis. Av.', 'odio@protonmail.ca', 7, 3, '2022-06-06', '01:03:23'),
(347, 'Zenaida Andrews', 'Iliana Lancaster', '1989-04-01', '22-68', 'f', '(881) 352-3481', '762-6054 Elit Rd.', 'justo.proin@outlook.edu', 8, 6, '2021-09-15', '10:57:32'),
(348, 'Jenna Chambers', 'Knox Strickland', '1995-04-29', '21787', 'm', '1-585-317-6374', 'P.O. Box 582, 3575 Faucibus Ave', 'a.tortor.nunc@aol.couk', 9, 2, '2022-06-13', '08:54:01'),
(349, 'Brandon Owens', 'Wendy Jackson', '1987-04-13', '782364', 'f', '1-342-451-7573', '971-9079 Libero Street', 'etiam.bibendum@protonmail.edu', 7, 4, '2022-09-06', '01:13:39'),
(350, 'Ginger Case', 'Cassady Copeland', '1991-05-15', '466571', 'm', '1-388-613-6871', 'P.O. Box 354, 8978 Id Avenue', 'varius@icloud.org', 7, 5, '2021-06-19', '05:20:53');

-- --------------------------------------------------------

--
-- Structure de la table `reservationmaladie`
--

DROP TABLE IF EXISTS `reservationmaladie`;
CREATE TABLE IF NOT EXISTS `reservationmaladie` (
  `id` int(11) NOT NULL AUTO_INCREMENT,
  `idReservation` int(11) DEFAULT NULL,
  `idMaladieChronique` int(11) DEFAULT NULL,
  PRIMARY KEY (`id`),
  KEY `idReservation` (`idReservation`),
  KEY `idMaladieChronique` (`idMaladieChronique`)
) ENGINE=MyISAM AUTO_INCREMENT=101 DEFAULT CHARSET=latin1;

--
-- Déchargement des données de la table `reservationmaladie`
--

INSERT INTO `reservationmaladie` (`id`, `idReservation`, `idMaladieChronique`) VALUES
(1, 31, 14),
(2, 45, 8),
(3, 46, 6),
(4, 33, 5),
(5, 153, 2),
(6, 3, 15),
(7, 29, 20),
(8, 151, 4),
(9, 111, 13),
(10, 177, 14),
(11, 62, 2),
(12, 31, 20),
(13, 127, 15),
(14, 83, 8),
(15, 111, 12),
(16, 35, 12),
(17, 12, 2),
(18, 103, 16),
(19, 122, 16),
(20, 100, 11),
(21, 80, 9),
(22, 19, 3),
(23, 28, 7),
(24, 34, 9),
(25, 167, 11),
(26, 82, 13),
(27, 28, 20),
(28, 75, 13),
(29, 116, 6),
(30, 17, 15),
(31, 33, 9),
(32, 26, 3),
(33, 143, 5),
(34, 121, 13),
(35, 198, 20),
(36, 39, 6),
(37, 34, 2),
(38, 195, 3),
(39, 100, 18),
(40, 65, 10),
(41, 105, 4),
(42, 64, 1),
(43, 157, 14),
(44, 101, 1),
(45, 127, 14),
(46, 116, 15),
(47, 158, 17),
(48, 164, 16),
(49, 155, 13),
(50, 37, 18),
(51, 178, 6),
(52, 35, 15),
(53, 116, 20),
(54, 82, 9),
(55, 61, 10),
(56, 175, 6),
(57, 34, 15),
(58, 166, 9),
(59, 77, 4),
(60, 76, 6),
(61, 124, 15),
(62, 15, 7),
(63, 55, 18),
(64, 18, 13),
(65, 69, 9),
(66, 197, 9),
(67, 113, 19),
(68, 74, 10),
(69, 99, 2),
(70, 54, 7),
(71, 128, 5),
(72, 146, 4),
(73, 191, 3),
(74, 111, 7),
(75, 22, 17),
(76, 138, 17),
(77, 188, 15),
(78, 89, 4),
(79, 92, 10),
(80, 85, 12),
(81, 1, 13),
(82, 111, 13),
(83, 128, 7),
(84, 15, 10),
(85, 177, 5),
(86, 151, 6),
(87, 165, 12),
(88, 136, 3),
(89, 5, 16),
(90, 43, 10),
(91, 174, 17),
(92, 179, 6),
(93, 56, 6),
(94, 159, 2),
(95, 47, 17),
(96, 66, 3),
(97, 21, 18),
(98, 108, 18),
(99, 96, 17),
(100, 89, 8);

-- --------------------------------------------------------

--
-- Structure de la table `resultat`
--

DROP TABLE IF EXISTS `resultat`;
CREATE TABLE IF NOT EXISTS `resultat` (
  `id` int(11) NOT NULL AUTO_INCREMENT,
  `idInfecte` int(11) DEFAULT NULL,
  `date` date DEFAULT NULL,
  `resultat` varchar(20) DEFAULT NULL,
  PRIMARY KEY (`id`),
  KEY `idInfecte` (`idInfecte`)
) ENGINE=MyISAM AUTO_INCREMENT=51 DEFAULT CHARSET=latin1;

--
-- Déchargement des données de la table `resultat`
--

INSERT INTO `resultat` (`id`, `idInfecte`, `date`, `resultat`) VALUES
(1, 19, '1994-12-23', 'mort'),
(2, 43, '1998-04-22', 'gueris'),
(3, 61, '1995-11-13', 'forme grave'),
(4, 94, '2000-01-28', 'forme grave'),
(5, 98, '1997-06-14', 'mort'),
(6, 51, '2000-09-08', 'gueris'),
(7, 48, '1996-04-16', 'forme grave'),
(8, 70, '1997-09-15', 'forme grave'),
(9, 95, '1997-01-19', 'forme grave'),
(10, 77, '1996-10-09', 'gueris'),
(11, 92, '2000-08-25', 'forme grave'),
(12, 41, '1998-03-04', 'gueris'),
(13, 31, '1997-11-05', 'mort'),
(14, 61, '1995-03-10', 'gueris'),
(15, 90, '1999-11-10', 'gueris'),
(16, 23, '1996-10-22', 'gueris'),
(17, 83, '1995-07-26', 'forme grave'),
(18, 12, '1996-01-13', 'gueris'),
(19, 79, '1999-03-14', 'mort'),
(20, 68, '1995-09-14', 'forme grave'),
(21, 22, '1995-11-16', 'gueris'),
(22, 53, '1995-05-27', 'gueris'),
(23, 27, '1994-11-20', 'gueris'),
(24, 53, '1998-01-14', 'forme grave'),
(25, 38, '1999-07-09', 'forme grave'),
(26, 37, '1997-08-03', 'mort'),
(27, 68, '2000-03-17', 'mort'),
(28, 24, '1994-05-03', 'forme grave'),
(29, 78, '1996-01-08', 'gueris'),
(30, 44, '2000-11-13', 'forme grave'),
(31, 69, '1997-08-20', 'forme grave'),
(32, 68, '1995-12-09', 'mort'),
(33, 79, '1997-08-20', 'mort'),
(34, 77, '1994-04-17', 'gueris'),
(35, 14, '1997-01-24', 'gueris'),
(36, 71, '1994-07-17', 'forme grave'),
(37, 23, '1997-07-25', 'forme grave'),
(38, 74, '1999-10-29', 'mort'),
(39, 88, '1996-12-05', 'forme grave'),
(40, 100, '1996-07-09', 'mort'),
(41, 30, '2000-10-04', 'mort'),
(42, 88, '1999-09-23', 'mort'),
(43, 34, '1998-10-02', 'mort'),
(44, 21, '1996-08-16', 'forme grave'),
(45, 37, '1996-12-20', 'gueris'),
(46, 34, '1997-10-28', 'gueris'),
(47, 27, '1997-03-13', 'forme grave'),
(48, 26, '1994-09-17', 'mort'),
(49, 95, '2000-08-31', 'forme grave'),
(50, 11, '1997-05-15', 'mort');

-- --------------------------------------------------------

--
-- Structure de la table `resultatvaccination`
--

DROP TABLE IF EXISTS `resultatvaccination`;
CREATE TABLE IF NOT EXISTS `resultatvaccination` (
  `id` int(11) NOT NULL AUTO_INCREMENT,
  `idVaccination` int(11) DEFAULT NULL,
  `date` date DEFAULT NULL,
  `resultat` varchar(20) DEFAULT NULL,
  PRIMARY KEY (`id`),
  KEY `idVaccination` (`idVaccination`)
) ENGINE=MyISAM AUTO_INCREMENT=51 DEFAULT CHARSET=latin1;

--
-- Déchargement des données de la table `resultatvaccination`
--

INSERT INTO `resultatvaccination` (`id`, `idVaccination`, `date`, `resultat`) VALUES
(1, 126, '1998-10-19', 'forme grave'),
(2, 142, '1998-08-05', 'forme grave'),
(3, 18, '1998-05-29', 'gueris'),
(4, 246, '1994-08-07', 'gueris'),
(5, 252, '1994-11-19', 'forme grave'),
(6, 164, '1998-09-24', 'forme grave'),
(7, 221, '1996-09-14', 'gueris'),
(8, 293, '1997-04-15', 'gueris'),
(9, 235, '2000-11-11', 'mort'),
(10, 21, '2000-11-30', 'mort'),
(11, 211, '1996-03-13', 'forme grave'),
(12, 9, '2000-09-09', 'gueris'),
(13, 286, '2001-01-28', 'gueris'),
(14, 63, '1999-05-31', 'forme grave'),
(15, 10, '1994-10-15', 'gueris'),
(16, 80, '2000-06-18', 'forme grave'),
(17, 87, '1994-07-29', 'mort'),
(18, 208, '1995-02-20', 'gueris'),
(19, 52, '1998-05-09', 'gueris'),
(20, 238, '1999-08-27', 'mort'),
(21, 128, '1997-09-23', 'mort'),
(22, 160, '1999-02-09', 'mort'),
(23, 161, '1995-08-03', 'forme grave'),
(24, 92, '1995-06-15', 'gueris'),
(25, 118, '2001-01-28', 'mort'),
(26, 84, '1997-04-08', 'forme grave'),
(27, 169, '1995-11-17', 'mort'),
(28, 97, '1995-04-13', 'forme grave'),
(29, 204, '2000-11-02', 'gueris'),
(30, 68, '1994-10-28', 'mort'),
(31, 45, '1995-09-30', 'gueris'),
(32, 194, '1994-03-29', 'mort'),
(33, 179, '2000-02-12', 'gueris'),
(34, 225, '1994-08-28', 'mort'),
(35, 118, '1998-02-04', 'mort'),
(36, 247, '1995-05-20', 'forme grave'),
(37, 178, '1994-05-23', 'mort'),
(38, 261, '1996-05-08', 'forme grave'),
(39, 74, '1996-05-12', 'gueris'),
(40, 209, '1996-06-11', 'gueris'),
(41, 204, '1997-11-23', 'gueris'),
(42, 277, '1994-08-07', 'mort'),
(43, 102, '1999-11-12', 'forme grave'),
(44, 32, '2000-10-23', 'gueris'),
(45, 288, '1994-06-16', 'forme grave'),
(46, 175, '1994-12-24', 'forme grave'),
(47, 177, '2000-12-04', 'mort'),
(48, 37, '1995-07-17', 'mort'),
(49, 258, '1998-03-30', 'forme grave'),
(50, 144, '1998-10-06', 'gueris');

-- --------------------------------------------------------

--
-- Structure de la table `vaccin`
--

DROP TABLE IF EXISTS `vaccin`;
CREATE TABLE IF NOT EXISTS `vaccin` (
  `id` int(11) NOT NULL AUTO_INCREMENT,
  `label` varchar(50) CHARACTER SET utf8mb4 COLLATE utf8mb4_bin DEFAULT NULL,
  `info` text,
  `effetsecondaire` text,
  PRIMARY KEY (`id`)
) ENGINE=MyISAM AUTO_INCREMENT=11 DEFAULT CHARSET=latin1;

--
-- Déchargement des données de la table `vaccin`
--

INSERT INTO `vaccin` (`id`, `label`, `info`, `effetsecondaire`) VALUES
(1, 'ASTRA-ZENECA', 'In condimentum. Donec at arcu. Vestibulum ante', 'toux'),
(2, 'JANSSEN', 'sociis natoque', 'nausée'),
(3, 'COVI-CHILD', 'taciti sociosqu ad litora torquent per conubia nostra,', 'maux de tete'),
(4, 'PFIZER', 'ipsum. Curabitur consequat, lectus sit amet luctus vulputate,', 'toux'),
(5, 'SINOPHARM', 'taciti sociosqu ad litora torquent per conubia nostra, per inceptos', 'fatigue'),
(6, 'Samsun', 'magna. Lorem ipsum dolor sit amet,', 'maux de tete'),
(7, 'Vestfold og Telemark', 'erat. Sed nunc est, mollis non, cursus non, egestas', 'vomis'),
(8, 'Paraíba', 'egestas rhoncus. Proin nisl sem,', 'maux de tete'),
(9, 'Tasmania', 'elit, pharetra ut, pharetra sed, hendrerit a, arcu.', 'toux'),
(10, 'Western Australia', 'pede. Praesent eu dui. Cum sociis natoque penatibus', 'vomis');

-- --------------------------------------------------------

--
-- Structure de la table `vaccination`
--

DROP TABLE IF EXISTS `vaccination`;
CREATE TABLE IF NOT EXISTS `vaccination` (
  `id` int(11) NOT NULL AUTO_INCREMENT,
  `idPersonne` int(11) DEFAULT NULL,
  `date` date DEFAULT NULL,
  `idVaccin` int(11) DEFAULT NULL,
  PRIMARY KEY (`id`),
  KEY `idPersonne` (`idPersonne`),
  KEY `idVaccin` (`idVaccin`)
) ENGINE=MyISAM AUTO_INCREMENT=301 DEFAULT CHARSET=latin1;

--
-- Déchargement des données de la table `vaccination`
--

INSERT INTO `vaccination` (`id`, `idPersonne`, `date`, `idVaccin`) VALUES
(1, 46, '2000-01-18', 8),
(2, 46, '1999-02-22', 9),
(3, 42, '1997-07-07', 5),
(4, 42, '1995-07-04', 6),
(5, 46, '1999-04-30', 9),
(6, 38, '1996-08-28', 8),
(7, 24, '1995-03-03', 5),
(8, 35, '2000-06-06', 9),
(9, 48, '1995-02-27', 8),
(10, 34, '1998-09-07', 6),
(11, 34, '1998-07-17', 10),
(12, 22, '1997-07-07', 8),
(13, 29, '1999-03-09', 9),
(14, 30, '1999-06-08', 5),
(15, 37, '1994-05-22', 3),
(16, 50, '1999-09-20', 9),
(17, 6, '2000-01-10', 3),
(18, 43, '1997-01-18', 6),
(19, 40, '1998-10-07', 4),
(20, 43, '2000-02-11', 8),
(21, 13, '2000-04-24', 1),
(22, 41, '1997-04-09', 9),
(23, 33, '1996-06-28', 6),
(24, 34, '1999-10-25', 9),
(25, 10, '1999-10-10', 7),
(26, 41, '1997-04-27', 9),
(27, 9, '1995-12-14', 9),
(28, 26, '1995-04-30', 3),
(29, 10, '1994-03-25', 8),
(30, 42, '1994-12-14', 5),
(31, 27, '1995-11-02', 5),
(32, 49, '1997-01-08', 2),
(33, 6, '2000-08-14', 8),
(34, 12, '1997-10-16', 4),
(35, 15, '1994-09-24', 7),
(36, 33, '1997-04-27', 7),
(37, 45, '1996-11-12', 9),
(38, 14, '1997-06-03', 7),
(39, 50, '1995-08-03', 4),
(40, 49, '2000-12-16', 3),
(41, 17, '1998-08-05', 2),
(42, 24, '2000-04-17', 3),
(43, 23, '1998-12-23', 2),
(44, 5, '1995-05-23', 9),
(45, 38, '1998-03-24', 8),
(46, 29, '1999-11-19', 5),
(47, 15, '1998-10-06', 2),
(48, 41, '1995-07-15', 9),
(49, 27, '1999-06-24', 10),
(50, 6, '1997-11-21', 8),
(51, 49, '2000-12-01', 6),
(52, 32, '1996-12-03', 2),
(53, 37, '1994-12-24', 4),
(54, 33, '1999-05-28', 10),
(55, 33, '1995-07-11', 8),
(56, 18, '2000-11-12', 4),
(57, 49, '1996-06-30', 3),
(58, 10, '1998-08-31', 8),
(59, 11, '2000-09-28', 4),
(60, 30, '1998-01-11', 9),
(61, 46, '1995-10-31', 5),
(62, 32, '1995-09-27', 6),
(63, 37, '1999-03-24', 6),
(64, 15, '1999-03-31', 2),
(65, 7, '1997-01-29', 10),
(66, 30, '1994-12-25', 6),
(67, 2, '1994-06-30', 4),
(68, 34, '1998-12-04', 2),
(69, 36, '1995-07-15', 3),
(70, 12, '1999-05-02', 3),
(71, 34, '1996-02-15', 3),
(72, 28, '1994-11-03', 5),
(73, 34, '1996-01-18', 7),
(74, 33, '1998-04-10', 9),
(75, 6, '1995-08-05', 4),
(76, 25, '1999-11-12', 8),
(77, 50, '1999-10-03', 6),
(78, 33, '1998-03-15', 2),
(79, 25, '1999-02-08', 7),
(80, 12, '1998-07-18', 2),
(81, 37, '2000-06-03', 7),
(82, 27, '1994-04-01', 6),
(83, 3, '1996-10-30', 5),
(84, 21, '1995-08-05', 9),
(85, 12, '2000-03-27', 6),
(86, 15, '1997-12-01', 9),
(87, 28, '1999-05-15', 6),
(88, 42, '1998-08-26', 8),
(89, 36, '1997-04-01', 9),
(90, 21, '1996-07-16', 2),
(91, 8, '1999-07-10', 5),
(92, 16, '1996-03-25', 2),
(93, 4, '2000-11-25', 3),
(94, 22, '1999-09-19', 5),
(95, 46, '1997-09-17', 6),
(96, 7, '1994-07-27', 3),
(97, 6, '2001-03-08', 2),
(98, 9, '1994-04-04', 7),
(99, 20, '1998-05-22', 5),
(100, 10, '2001-01-08', 6),
(101, 6, '1996-01-29', 9),
(102, 19, '1994-04-06', 4),
(103, 17, '1998-09-21', 6),
(104, 33, '1999-02-20', 4),
(105, 19, '2001-02-27', 6),
(106, 25, '1996-12-22', 10),
(107, 47, '2000-10-19', 2),
(108, 33, '1999-01-14', 5),
(109, 11, '1997-10-23', 8),
(110, 20, '2000-01-03', 2),
(111, 26, '1994-08-26', 1),
(112, 41, '1999-10-23', 4),
(113, 49, '1998-02-08', 5),
(114, 45, '1994-04-07', 3),
(115, 13, '1994-11-05', 5),
(116, 41, '1996-07-24', 7),
(117, 10, '1995-01-28', 4),
(118, 27, '1999-08-20', 5),
(119, 19, '1999-10-11', 9),
(120, 33, '1998-11-13', 4),
(121, 46, '2000-02-04', 10),
(122, 47, '1997-01-26', 7),
(123, 17, '1996-06-17', 8),
(124, 49, '1997-09-28', 7),
(125, 46, '2000-11-14', 3),
(126, 11, '1999-11-28', 9),
(127, 41, '1996-12-27', 3),
(128, 33, '1997-10-04', 9),
(129, 3, '1997-03-12', 6),
(130, 29, '1994-08-14', 2),
(131, 36, '1996-07-19', 5),
(132, 39, '1996-10-29', 7),
(133, 19, '1997-01-18', 9),
(134, 38, '1999-03-29', 1),
(135, 13, '2000-07-05', 8),
(136, 9, '1996-08-09', 7),
(137, 47, '1998-08-31', 6),
(138, 8, '2000-09-01', 7),
(139, 18, '1995-05-10', 1),
(140, 31, '1996-01-27', 6),
(141, 5, '1994-05-19', 3),
(142, 37, '2000-11-27', 5),
(143, 6, '1995-02-19', 6),
(144, 20, '2000-04-02', 7),
(145, 19, '1999-11-20', 4),
(146, 10, '1997-08-17', 9),
(147, 8, '1996-05-15', 7),
(148, 33, '1994-09-02', 6),
(149, 19, '1999-07-26', 5),
(150, 21, '1997-05-19', 8),
(151, 7, '1999-08-13', 2),
(152, 8, '1998-05-19', 5),
(153, 35, '1997-05-13', 6),
(154, 26, '1995-12-05', 10),
(155, 21, '1997-02-28', 4),
(156, 1, '1999-02-15', 7),
(157, 3, '2000-10-15', 2),
(158, 23, '1998-10-25', 7),
(159, 37, '1998-06-28', 5),
(160, 27, '1995-07-11', 7),
(161, 15, '2000-01-05', 10),
(162, 4, '1998-01-17', 2),
(163, 29, '1996-11-28', 3),
(164, 30, '2001-03-03', 7),
(165, 25, '1996-08-09', 6),
(166, 44, '1997-03-24', 4),
(167, 38, '1995-01-27', 4),
(168, 30, '1998-03-23', 5),
(169, 48, '1997-05-06', 5),
(170, 8, '2001-01-22', 5),
(171, 16, '2000-02-03', 5),
(172, 18, '2000-10-15', 3),
(173, 10, '1999-09-23', 3),
(174, 9, '1999-12-24', 8),
(175, 34, '2000-06-12', 4),
(176, 13, '1997-05-17', 5),
(177, 38, '1998-01-13', 7),
(178, 34, '1997-01-26', 2),
(179, 45, '1997-06-26', 8),
(180, 44, '1998-11-23', 8),
(181, 48, '1994-07-27', 6),
(182, 29, '2000-05-28', 7),
(183, 23, '1995-01-27', 2),
(184, 43, '2000-09-25', 5),
(185, 15, '1995-06-07', 8),
(186, 13, '1995-05-20', 10),
(187, 24, '1997-07-05', 5),
(188, 49, '1995-04-11', 5),
(189, 39, '1999-02-20', 9),
(190, 18, '1996-04-08', 6),
(191, 25, '2000-03-12', 8),
(192, 8, '1995-05-05', 7),
(193, 48, '1997-12-18', 8),
(194, 41, '2000-02-11', 5),
(195, 32, '1997-04-01', 10),
(196, 9, '1994-10-28', 1),
(197, 40, '1997-11-18', 3),
(198, 46, '2000-09-22', 9),
(199, 44, '1997-03-12', 6),
(200, 2, '1999-03-20', 8),
(201, 28, '1999-11-22', 2),
(202, 44, '2000-11-01', 7),
(203, 33, '2000-10-15', 4),
(204, 17, '2000-08-24', 3),
(205, 37, '1997-06-15', 3),
(206, 14, '1999-02-07', 7),
(207, 36, '1995-03-02', 4),
(208, 10, '1999-11-16', 2),
(209, 27, '1997-07-24', 6),
(210, 23, '1999-12-12', 4),
(211, 16, '1999-02-26', 6),
(212, 23, '1997-01-23', 4),
(213, 45, '1998-02-20', 6),
(214, 41, '2001-02-03', 3),
(215, 20, '2001-01-29', 3),
(216, 36, '1996-06-29', 5),
(217, 38, '2000-10-05', 5),
(218, 13, '1996-12-19', 3),
(219, 39, '1997-01-14', 8),
(220, 36, '2000-01-17', 1),
(221, 15, '1996-01-22', 6),
(222, 14, '1998-01-21', 1),
(223, 8, '1996-12-09', 4),
(224, 4, '2000-08-09', 9),
(225, 30, '1997-10-30', 6),
(226, 4, '2000-09-05', 6),
(227, 32, '1998-06-07', 9),
(228, 12, '1999-12-16', 6),
(229, 9, '1994-04-26', 10),
(230, 41, '1997-11-27', 9),
(231, 21, '1996-05-11', 4),
(232, 2, '1999-06-04', 10),
(233, 4, '1996-01-18', 8),
(234, 38, '1998-07-18', 8),
(235, 34, '1994-12-01', 3),
(236, 3, '1998-10-03', 4),
(237, 21, '1998-07-19', 9),
(238, 33, '1996-08-02', 8),
(239, 2, '1995-05-16', 7),
(240, 17, '2000-08-18', 7),
(241, 34, '1998-06-13', 10),
(242, 20, '1997-01-03', 8),
(243, 8, '1999-08-06', 7),
(244, 39, '1998-06-11', 3),
(245, 11, '1999-08-04', 6),
(246, 24, '2000-03-11', 6),
(247, 1, '2001-02-02', 9),
(248, 46, '1995-04-06', 4),
(249, 12, '1994-10-21', 4),
(250, 37, '1999-08-14', 5),
(251, 23, '1995-01-04', 9),
(252, 4, '1995-12-03', 2),
(253, 31, '1996-01-10', 8),
(254, 13, '1996-12-15', 8),
(255, 25, '1995-03-16', 9),
(256, 18, '1996-12-10', 9),
(257, 48, '1999-07-31', 6),
(258, 2, '2000-03-26', 2),
(259, 20, '1999-05-14', 7),
(260, 49, '1997-08-03', 1),
(261, 22, '1996-03-14', 9),
(262, 17, '2000-11-25', 3),
(263, 43, '2000-11-20', 7),
(264, 5, '2000-10-28', 4),
(265, 26, '1996-09-01', 5),
(266, 14, '1997-09-15', 9),
(267, 31, '1997-10-28', 4),
(268, 2, '1995-04-30', 1),
(269, 2, '1996-02-16', 8),
(270, 24, '1998-06-27', 9),
(271, 19, '1995-12-05', 3),
(272, 39, '1999-05-23', 7),
(273, 32, '2000-11-30', 3),
(274, 24, '1997-01-19', 4),
(275, 46, '1999-03-18', 1),
(276, 1, '1998-01-13', 8),
(277, 20, '1996-05-14', 4),
(278, 43, '1996-06-29', 4),
(279, 35, '1996-09-09', 2),
(280, 32, '2000-11-01', 2),
(281, 8, '1995-07-29', 1),
(282, 40, '1999-08-09', 9),
(283, 45, '1994-10-23', 1),
(284, 41, '1999-05-29', 4),
(285, 10, '1999-01-11', 9),
(286, 24, '1999-12-20', 3),
(287, 32, '1997-12-23', 7),
(288, 3, '1996-05-24', 3),
(289, 48, '2001-01-22', 2),
(290, 30, '1994-12-11', 9),
(291, 31, '1995-09-23', 9),
(292, 12, '1994-07-22', 2),
(293, 34, '1998-02-18', 2),
(294, 33, '1999-04-22', 6),
(295, 32, '1995-08-14', 8),
(296, 46, '1998-07-16', 4),
(297, 35, '2001-03-11', 3),
(298, 17, '2000-03-06', 5),
(299, 21, '1996-07-23', 5),
(300, 44, '1995-05-29', 6);

-- --------------------------------------------------------

--
-- Structure de la table `vaccincentre`
--

DROP TABLE IF EXISTS `vaccincentre`;
CREATE TABLE IF NOT EXISTS `vaccincentre` (
  `id` int(11) NOT NULL AUTO_INCREMENT,
  `idCentre` int(11) DEFAULT NULL,
  `idVaccin` int(11) DEFAULT NULL,
  PRIMARY KEY (`id`),
  KEY `idCentre` (`idCentre`),
  KEY `idVaccin` (`idVaccin`)
) ENGINE=MyISAM AUTO_INCREMENT=101 DEFAULT CHARSET=latin1;

--
-- Déchargement des données de la table `vaccincentre`
--

INSERT INTO `vaccincentre` (`id`, `idCentre`, `idVaccin`) VALUES
(1, 88, 7),
(2, 15, 5),
(3, 22, 4),
(4, 95, 5),
(5, 38, 9),
(6, 63, 5),
(7, 66, 8),
(8, 19, 6),
(9, 46, 4),
(10, 27, 7),
(11, 52, 9),
(12, 73, 3),
(13, 18, 10),
(14, 66, 10),
(15, 11, 9),
(16, 90, 3),
(17, 74, 3),
(18, 28, 7),
(19, 87, 3),
(20, 52, 2),
(21, 30, 6),
(22, 65, 8),
(23, 81, 9),
(24, 26, 6),
(25, 40, 2),
(26, 100, 2),
(27, 80, 7),
(28, 9, 9),
(29, 36, 7),
(30, 64, 4),
(31, 30, 3),
(32, 72, 9),
(33, 37, 8),
(34, 1, 2),
(35, 93, 3),
(36, 4, 9),
(37, 83, 2),
(38, 86, 9),
(39, 35, 1),
(40, 55, 2),
(41, 58, 8),
(42, 97, 5),
(43, 48, 5),
(44, 11, 4),
(45, 68, 6),
(46, 85, 2),
(47, 60, 7),
(48, 7, 8),
(49, 38, 3),
(50, 97, 4),
(51, 91, 7),
(52, 82, 9),
(53, 34, 9),
(54, 72, 1),
(55, 34, 3),
(56, 78, 4),
(57, 64, 5),
(58, 29, 6),
(59, 28, 8),
(60, 16, 5),
(61, 90, 7),
(62, 18, 6),
(63, 89, 9),
(64, 22, 3),
(65, 23, 2),
(66, 51, 9),
(67, 31, 3),
(68, 95, 1),
(69, 18, 9),
(70, 69, 2),
(71, 9, 10),
(72, 44, 5),
(73, 80, 8),
(74, 13, 8),
(75, 42, 8),
(76, 43, 10),
(77, 23, 7),
(78, 21, 3),
(79, 18, 2),
(80, 65, 4),
(81, 45, 7),
(82, 24, 6),
(83, 91, 5),
(84, 73, 9),
(85, 15, 9),
(86, 37, 9),
(87, 90, 3),
(88, 92, 5),
(89, 80, 6),
(90, 7, 9),
(91, 81, 4),
(92, 16, 6),
(93, 52, 3),
(94, 8, 3),
(95, 1, 7),
(96, 60, 9),
(97, 20, 6),
(98, 20, 9),
(99, 34, 5),
(100, 68, 2);

-- --------------------------------------------------------

--
-- Structure de la vue `nombredecede`
--
DROP TABLE IF EXISTS `nombredecede`;

DROP VIEW IF EXISTS `nombredecede`;
CREATE ALGORITHM=UNDEFINED DEFINER=`root`@`localhost` SQL SECURITY DEFINER VIEW `nombredecede`  AS  select count(0) AS `nbr` from `resultat` `r` where (`r`.`resultat` = 'mort') ;

-- --------------------------------------------------------

--
-- Structure de la vue `nombreguerie`
--
DROP TABLE IF EXISTS `nombreguerie`;

DROP VIEW IF EXISTS `nombreguerie`;
CREATE ALGORITHM=UNDEFINED DEFINER=`root`@`localhost` SQL SECURITY DEFINER VIEW `nombreguerie`  AS  select count(0) AS `nbr` from `resultat` `r` where (`r`.`resultat` = 'gueris') ;

-- --------------------------------------------------------

--
-- Structure de la vue `nombremararyvaccine`
--
DROP TABLE IF EXISTS `nombremararyvaccine`;

DROP VIEW IF EXISTS `nombremararyvaccine`;
CREATE ALGORITHM=UNDEFINED DEFINER=`root`@`localhost` SQL SECURITY DEFINER VIEW `nombremararyvaccine`  AS  select `v`.`idVaccin` AS `idVaccin`,count(0) AS `nbr` from (`infecte` `i` join `vaccination` `v` on((`v`.`idPersonne` = `i`.`idPersonne`))) group by `v`.`idVaccin` ;

-- --------------------------------------------------------

--
-- Structure de la vue `nombreparvaccin`
--
DROP TABLE IF EXISTS `nombreparvaccin`;

DROP VIEW IF EXISTS `nombreparvaccin`;
CREATE ALGORITHM=UNDEFINED DEFINER=`root`@`localhost` SQL SECURITY DEFINER VIEW `nombreparvaccin`  AS  select `vn`.`idVaccin` AS `idVaccin`,count(0) AS `nbr` from (`vaccin` `v` left join `vaccination` `vn` on((`v`.`id` = `vn`.`idVaccin`))) group by `vn`.`idVaccin` ;

-- --------------------------------------------------------

--
-- Structure de la vue `nombrevaccine`
--
DROP TABLE IF EXISTS `nombrevaccine`;

DROP VIEW IF EXISTS `nombrevaccine`;
CREATE ALGORITHM=UNDEFINED DEFINER=`root`@`localhost` SQL SECURITY DEFINER VIEW `nombrevaccine`  AS  select count(0) AS `nbr` from (`personne` `p` join `vaccination` `v` on((`v`.`idPersonne` = `p`.`id`))) ;

-- --------------------------------------------------------

--
-- Structure de la vue `nombrevaccinematy`
--
DROP TABLE IF EXISTS `nombrevaccinematy`;

DROP VIEW IF EXISTS `nombrevaccinematy`;
CREATE ALGORITHM=UNDEFINED DEFINER=`root`@`localhost` SQL SECURITY DEFINER VIEW `nombrevaccinematy`  AS  select `v`.`idVaccin` AS `idVaccin`,count(0) AS `nbr` from ((`resultat` `r` join `infecte` `i` on((`i`.`id` = `r`.`idInfecte`))) join `vaccination` `v` on((`v`.`idPersonne` = `i`.`idPersonne`))) where ((`r`.`resultat` = 'mort') and (`v`.`date` < `i`.`date`)) group by `v`.`idVaccin` ;
COMMIT;

/*!40101 SET CHARACTER_SET_CLIENT=@OLD_CHARACTER_SET_CLIENT */;
/*!40101 SET CHARACTER_SET_RESULTS=@OLD_CHARACTER_SET_RESULTS */;
/*!40101 SET COLLATION_CONNECTION=@OLD_COLLATION_CONNECTION */;
